tid,gamma,freqonly
1,100,-98.67253
2,85.77,-85.60446
3,73.564,-76.6094
4,63.096,-65.34733
5,54.117,-56.43031
6,46.416,-45.40881
7,39.811,-37.6786
8,34.145,-37.21742
9,29.286,-29.60579
10,25.119,-27.25826
11,21.544,-22.30187
12,18.478,-19.32294
13,15.849,-15.87767
14,13.594,-12.75866
15,11.659,-10.98324
16,10,-10.56638
17,8.577,-8.34996
18,7.356,-6.77186
19,6.31,-6.54602
20,5.412,-5.01894
21,4.642,-4.50179
22,3.981,-4.018
23,3.415,-3.24121
24,2.929,-3.0599
25,2.512,-2.49856
26,2.154,-1.19447
27,1.848,-1.83169
28,1.585,-1.43414
29,1.359,-0.9659
30,1.166,16.28142
31,1,-1.10918
32,0.457,-0.83486
33,0.152,0.74462
34,0.023,0.35751
35,0,-0.04487
36,100,-102.7546
37,85.77,-89.03639
38,73.564,-73.14783
39,63.096,-63.59431
40,54.117,-55.1213
41,46.416,-47.84274
42,39.811,-40.83927
43,34.145,-33.5589
44,29.286,-30.74672
45,25.119,-25.53512
46,21.544,-23.03143
47,18.478,-17.27685
48,15.849,-16.33421
49,13.594,-14.60974
50,11.659,-12.1949
51,10,-10.61709
52,8.577,-8.19808
53,7.356,-7.21892
54,6.31,-6.59168
55,5.412,-5.13962
56,4.642,-4.05682
57,3.981,-4.49246
58,3.415,-3.11403
59,2.929,-2.49906
60,2.512,-2.29308
61,2.154,-1.70952
62,1.848,-1.93571
63,1.585,-0.80773
64,1.359,-0.69055
65,1.166,-1.20276
66,1,-0.76912
67,0.457,-0.01676
68,0.152,0.16288
69,0.023,0.21
70,0,0.53799
71,100,-97.26721
72,85.77,-87.42745
73,73.564,-76.81976
74,63.096,-65.19257
75,54.117,-54.83262
76,46.416,-47.24855
77,39.811,-42.91134
78,34.145,-35.00973
79,29.286,-30.01679
80,25.119,-25.71576
81,21.544,-21.6267
82,18.478,-18.11753
83,15.849,-16.15623
84,13.594,-13.42524
85,11.659,-11.44146
86,10,-9.65871
87,8.577,-9.21646
88,7.356,-7.66194
89,6.31,-6.03052
90,5.412,-5.53646
91,4.642,-4.98693
92,3.981,-3.74688
93,3.415,-3.36007
94,2.929,-2.65567
95,2.512,-2.26789
96,2.154,-2.10525
97,1.848,-1.51784
98,1.585,-1.46744
99,1.359,-1.24661
100,1.166,-0.88409
101,1,-0.64959
102,0.457,-0.02156
103,0.152,0.23035
104,0.023,0.20735
105,0,0.89265
106,100,-98.07869
107,85.77,-87.51752
108,73.564,-73.34145
109,63.096,-62.53905
110,54.117,-54.29997
111,46.416,-46.15917
112,39.811,-40.95726
113,34.145,-34.20251
114,29.286,-29.68598
115,25.119,-24.58348
116,21.544,-20.9671
117,18.478,-19.60908
118,15.849,-16.53656
119,13.594,-13.9584
120,11.659,-11.68141
121,10,-10.09694
122,8.577,-8.50998
123,7.356,-7.84875
124,6.31,-6.13517
125,5.412,-5.66079
126,4.642,-4.53253
127,3.981,-3.67719
128,3.415,-3.20862
129,2.929,-2.99442
130,2.512,-3.11381
131,2.154,-1.34294
132,1.848,-1.15026
133,1.585,-1.03112
134,1.359,-1.13046
135,1.166,-0.97385
136,1,-0.69969
137,0.457,-0.1221
138,0.152,0.04347
139,0.023,0.16002
140,0,0.87374
141,100,-102.11301
142,85.77,-91.00791
143,73.564,-74.93928
144,63.096,-62.77651
145,54.117,-55.82461
146,46.416,-45.95777
147,39.811,-40.4871
148,34.145,-34.64603
149,29.286,-29.66686
150,25.119,-26.09913
151,21.544,-21.80575
152,18.478,-19.10026
153,15.849,-16.47699
154,13.594,-14.02131
155,11.659,-12.01821
156,10,-9.62192
157,8.577,-8.85276
158,7.356,-7.48125
159,6.31,-7.2275
160,5.412,-5.39998
161,4.642,-4.52452
162,3.981,-3.86798
163,3.415,-3.06757
164,2.929,-2.45384
165,2.512,-2.13294
166,2.154,-1.91554
167,1.848,-1.79102
168,1.585,-1.48631
169,1.359,-0.85024
170,1.166,-1.071
171,1,-1.34879
172,0.457,-0.11415
173,0.152,0.46049
174,0.023,0.51953
175,0,0.34114
176,100,-104.19258
177,85.77,-86.59538
178,73.564,-74.39811
179,63.096,-63.98668
180,54.117,-54.94323
181,46.416,-50.67561
182,39.811,-39.2474
183,34.145,-35.04478
184,29.286,-29.36255
185,25.119,-25.57072
186,21.544,-20.98705
187,18.478,-18.2936
188,15.849,-15.30885
189,13.594,-14.23459
190,11.659,-11.40871
191,10,-9.84594
192,8.577,-8.60251
193,7.356,-8.29402
194,6.31,-6.06585
195,5.412,-4.72882
196,4.642,-4.42587
197,3.981,-4.25259
198,3.415,-3.38385
199,2.929,-2.79166
200,2.512,-2.5162
201,2.154,-2.07686
202,1.848,-2.22855
203,1.585,-1.87348
204,1.359,-1.62626
205,1.166,-0.33667
206,1,-0.55846
207,0.457,-0.02694
208,0.152,0.42034
209,0.023,0.09125
210,0,0.85799
211,100,-103.14103
212,85.77,-84.72504
213,73.564,-75.28144
214,63.096,-59.19906
215,54.117,-55.01447
216,46.416,-47.25045
217,39.811,-39.39403
218,34.145,-37.4789
219,29.286,-31.65032
220,25.119,-26.0985
221,21.544,-21.50779
222,18.478,-18.37351
223,15.849,-16.37228
224,13.594,-14.10261
225,11.659,-12.06528
226,10,-9.92773
227,8.577,-8.52266
228,7.356,-6.73126
229,6.31,-6.71884
230,5.412,-4.9177
231,4.642,-4.31916
232,3.981,-4.03125
233,3.415,-2.94564
234,2.929,-3.03602
235,2.512,-2.42676
236,2.154,-2.92925
237,1.848,-1.74815
238,1.585,-1.35642
239,1.359,-1.20038
240,1.166,-1.10122
241,1,-0.31093
242,0.457,-0.51204
243,0.152,0.07686
244,0.023,0.62073
245,0,-0.26893
246,100,-103.40233
247,85.77,-88.36878
248,73.564,-76.18364
249,63.096,-63.01617
250,54.117,-57.08759
251,46.416,-47.67799
252,39.811,-41.64078
253,34.145,-34.47624
254,29.286,-29.54432
255,25.119,-25.12803
256,21.544,-22.74376
257,18.478,-18.32864
258,15.849,-16.53051
259,13.594,-14.17441
260,11.659,-12.12024
261,10,-10.51027
262,8.577,-8.38909
263,7.356,-7.18027
264,6.31,-6.14731
265,5.412,-5.7838
266,4.642,-4.3277
267,3.981,-4.32565
268,3.415,-2.90176
269,2.929,-2.57582
270,2.512,-2.12248
271,2.154,-2.02071
272,1.848,-1.8109
273,1.585,-1.64116
274,1.359,-1.26391
275,1.166,-1.33964
276,1,-0.88643
277,0.457,0.323
278,0.152,0.43275
279,0.023,0.25387
280,0,0.50496
281,100,-105.26266
282,85.77,-87.70624
283,73.564,-71.87374
284,63.096,-63.6428
285,54.117,-58.20326
286,46.416,-46.57127
287,39.811,-43.08975
288,34.145,-36.14205
289,29.286,-31.03286
290,25.119,-25.00621
291,21.544,-22.50622
292,18.478,-19.16594
293,15.849,-17.55094
294,13.594,-13.50812
295,11.659,-11.62475
296,10,-10.51881
297,8.577,-8.91096
298,7.356,-7.71594
299,6.31,-6.20567
300,5.412,-4.86828
301,4.642,-4.52655
302,3.981,-3.76173
303,3.415,-3.70503
304,2.929,-2.9853
305,2.512,-1.89518
306,2.154,-1.263
307,1.848,-1.4455
308,1.585,-1.56333
309,1.359,-1.14173
310,1.166,-0.57909
311,1,-0.95316
312,0.457,0.40152
313,0.152,-0.14722
314,0.023,0.08967
315,0,0.05704
316,100,-98.55128
317,85.77,-86.23509
318,73.564,-75.55661
319,63.096,-67.64106
320,54.117,-56.43058
321,46.416,-48.05911
322,39.811,-40.25592
323,34.145,-34.44614
324,29.286,-28.74071
325,25.119,-26.79017
326,21.544,-22.14518
327,18.478,-17.54175
328,15.849,-16.04716
329,13.594,-13.2584
330,11.659,-11.51528
331,10,-9.72764
332,8.577,-8.07166
333,7.356,-7.31668
334,6.31,-6.83071
335,5.412,-5.26217
336,4.642,-4.58045
337,3.981,-3.66561
338,3.415,-3.24701
339,2.929,-2.57361
340,2.512,-2.03127
341,2.154,-1.61747
342,1.848,-1.77109
343,1.585,-1.80033
344,1.359,-1.18733
345,1.166,-0.71008
346,1,-1.14986
347,0.457,0.23706
348,0.152,0.39703
349,0.023,0.21327
350,0,0.22145
351,100,-103.39732
352,85.77,-86.41302
353,73.564,-74.73405
354,63.096,-64.584
355,54.117,-55.41397
356,46.416,-47.08877
357,39.811,-40.33105
358,34.145,-34.89985
359,29.286,-32.02277
360,25.119,-25.28138
361,21.544,-22.07725
362,18.478,-19.33812
363,15.849,-15.70174
364,13.594,-13.91121
365,11.659,-11.93259
366,10,-9.97213
367,8.577,-9.8939
368,7.356,-7.5757
369,6.31,-6.4248
370,5.412,-5.67631
371,4.642,-4.68564
372,3.981,-3.68738
373,3.415,-3.37983
374,2.929,-3.09452
375,2.512,-2.56712
376,2.154,-1.57639
377,1.848,-1.4959
378,1.585,-1.48329
379,1.359,-1.36715
380,1.166,-0.79802
381,1,-0.64132
382,0.457,-0.21829
383,0.152,0.36649
384,0.023,0.94569
385,0,0.93793
386,100,-96.91831
387,85.77,-84.20527
388,73.564,-75.41843
389,63.096,-61.93524
390,54.117,-56.16088
391,46.416,-48.61944
392,39.811,-40.37166
393,34.145,-36.60888
394,29.286,-29.14536
395,25.119,-24.83928
396,21.544,-22.51403
397,18.478,-19.14411
398,15.849,-15.94507
399,13.594,-14.09492
400,11.659,-11.86137
401,10,-10.19243
402,8.577,-8.32239
403,7.356,-7.2892
404,6.31,-6.13437
405,5.412,-5.15812
406,4.642,-4.23525
407,3.981,-4.17259
408,3.415,-3.35358
409,2.929,-2.82402
410,2.512,-2.61035
411,2.154,-1.76916
412,1.848,-1.62195
413,1.585,-1.49305
414,1.359,-0.81696
415,1.166,-0.46076
416,1,-0.92167
417,0.457,-0.48151
418,0.152,-0.21609
419,0.023,0.04073
420,0,-0.18557
421,100,-96.80696
422,85.77,-83.43373
423,73.564,-70.82764
424,63.096,-63.4469
425,54.117,-54.94451
426,46.416,-47.62662
427,39.811,-42.0167
428,34.145,-34.44769
429,29.286,-29.2056
430,25.119,-25.17967
431,21.544,-23.28681
432,18.478,-17.3708
433,15.849,-17.24284
434,13.594,-14.57648
435,11.659,-12.12144
436,10,-10.19751
437,8.577,-8.44194
438,7.356,-7.48125
439,6.31,-6.14281
440,5.412,-5.4431
441,4.642,-4.24164
442,3.981,-3.89944
443,3.415,-3.5105
444,2.929,-2.57484
445,2.512,-2.32589
446,2.154,-1.6244
447,1.848,-1.99044
448,1.585,-1.81359
449,1.359,-0.79284
450,1.166,-1.11173
451,1,-0.60348
452,0.457,-0.59675
453,0.152,0.24132
454,0.023,0.11954
455,0,0.34946
456,100,-105.39911
457,85.77,-90.40719
458,73.564,-77.68763
459,63.096,-63.15732
460,54.117,-54.79656
461,46.416,-49.83007
462,39.811,-39.17537
463,34.145,-34.14723
464,29.286,-29.58755
465,25.119,-26.22668
466,21.544,-22.91212
467,18.478,-18.84991
468,15.849,-17.00186
469,13.594,-12.83753
470,11.659,-11.25644
471,10,-10.04156
472,8.577,-8.65042
473,7.356,-7.5968
474,6.31,-6.10371
475,5.412,-5.02307
476,4.642,-4.72745
477,3.981,-4.34633
478,3.415,-3.29058
479,2.929,-2.67641
480,2.512,-2.5767
481,2.154,-1.80817
482,1.848,-1.9886
483,1.585,-0.91697
484,1.359,-0.81847
485,1.166,-0.49407
486,1,-0.90851
487,0.457,-0.50855
488,0.152,-0.22611
489,0.023,0.42083
490,0,0.78081
491,100,-101.35536
492,85.77,-89.32797
493,73.564,-75.48656
494,63.096,-61.29513
495,54.117,-54.54791
496,46.416,-46.35837
497,39.811,-38.6412
498,34.145,-34.36897
499,29.286,-30.27047
500,25.119,-26.57671
501,21.544,-22.89064
502,18.478,-19.37165
503,15.849,-16.41874
504,13.594,-14.93949
505,11.659,-13.59387
506,10,-10.14337
507,8.577,-8.59924
508,7.356,-7.57422
509,6.31,-5.51647
510,5.412,-5.34979
511,4.642,-4.48198
512,3.981,-3.4317
513,3.415,-3.51286
514,2.929,-2.76176
515,2.512,-3.35272
516,2.154,-1.91041
517,1.848,-1.88951
518,1.585,-1.57119
519,1.359,-0.98035
520,1.166,-0.47739
521,1,-0.67912
522,0.457,0.30362
523,0.152,0.36615
524,0.023,0.38375
525,0,0.2811
526,100,-102.62267
527,85.77,-91.00703
528,73.564,-79.63976
529,63.096,-64.83777
530,54.117,-54.22892
531,46.416,-47.14293
532,39.811,-42.52177
533,34.145,-33.11726
534,29.286,-29.12705
535,25.119,-26.89005
536,21.544,-23.60079
537,18.478,-18.78132
538,15.849,-15.72899
539,13.594,-14.15892
540,11.659,-11.07156
541,10,-10.22955
542,8.577,-8.42355
543,7.356,-6.83462
544,6.31,-6.52267
545,5.412,-5.45701
546,4.642,-4.86858
547,3.981,-3.46179
548,3.415,-3.03827
549,2.929,-3.01287
550,2.512,-2.55119
551,2.154,-1.96692
552,1.848,-1.38424
553,1.585,-1.19117
554,1.359,-1.39892
555,1.166,-0.53764
556,1,-0.68468
557,0.457,0.12107
558,0.152,0.22853
559,0.023,0.49176
560,0,0.85144
561,100,-102.11158
562,85.77,-85.42818
563,73.564,-76.60854
564,63.096,-63.44563
565,54.117,-55.307
566,46.416,-45.96038
567,39.811,-41.72438
568,34.145,-34.75762
569,29.286,-31.3024
570,25.119,-26.23993
571,21.544,-20.85752
572,18.478,-19.26447
573,15.849,-15.97284
574,13.594,-13.85116
575,11.659,-11.57207
576,10,-10.69904
577,8.577,-8.15141
578,7.356,-7.48229
579,6.31,-6.26343
580,5.412,-5.42563
581,4.642,-4.39099
582,3.981,-4.26015
583,3.415,-2.84804
584,2.929,-2.35959
585,2.512,-2.26241
586,2.154,-1.90151
587,1.848,-1.80468
588,1.585,-1.35674
589,1.359,-1.04677
590,1.166,-0.78959
591,1,-0.81212
592,0.457,-0.22612
593,0.152,0.83195
594,0.023,0.81873
595,0,0.52215
596,100,-100.85579
597,85.77,-86.50545
598,73.564,-75.34988
599,63.096,-66.50131
600,54.117,-57.56084
601,46.416,-47.4629
602,39.811,-39.83771
603,34.145,-35.56964
604,29.286,-30.05737
605,25.119,-25.6099
606,21.544,-20.55416
607,18.478,-18.98955
608,15.849,-17.19343
609,13.594,-13.07117
610,11.659,-11.60406
611,10,-10.7123
612,8.577,-8.0069
613,7.356,-7.50709
614,6.31,-6.09193
615,5.412,-5.18931
616,4.642,-4.4116
617,3.981,-4.36271
618,3.415,-3.27741
619,2.929,-2.41078
620,2.512,-2.45773
621,2.154,-1.98908
622,1.848,-1.77831
623,1.585,-1.07926
624,1.359,-0.99603
625,1.166,-0.89338
626,1,-1.04935
627,0.457,-0.38261
628,0.152,0.1778
629,0.023,0.16167
630,0,-0.28917
631,100,-101.35282
632,85.77,-88.46001
633,73.564,-79.03119
634,63.096,-63.30105
635,54.117,-56.97033
636,46.416,-49.77793
637,39.811,-40.83805
638,34.145,-32.05291
639,29.286,-31.5323
640,25.119,-24.78195
641,21.544,-22.28732
642,18.478,-18.6145
643,15.849,-16.97034
644,13.594,-13.7007
645,11.659,-11.9807
646,10,-9.79137
647,8.577,-8.85641
648,7.356,-6.57907
649,6.31,-5.85873
650,5.412,-5.32293
651,4.642,-4.52908
652,3.981,-3.78408
653,3.415,-3.07134
654,2.929,-3.06607
655,2.512,-2.69
656,2.154,-1.69048
657,1.848,-2.33223
658,1.585,-0.96279
659,1.359,-1.03631
660,1.166,-0.69588
661,1,-1.2966
662,0.457,-0.32059
663,0.152,-0.18673
664,0.023,0.72243
665,0,0.24067
666,100,-99.2643
667,85.77,-87.42626
668,73.564,-76.89074
669,63.096,-65.04026
670,54.117,-56.00984
671,46.416,-48.44793
672,39.811,-39.68911
673,34.145,-36.79983
674,29.286,-31.28229
675,25.119,-25.86844
676,21.544,-21.26738
677,18.478,-18.95754
678,15.849,-16.37362
679,13.594,-14.61173
680,11.659,-11.63913
681,10,-9.55267
682,8.577,-8.69269
683,7.356,-7.69775
684,6.31,-6.33954
685,5.412,-5.32365
686,4.642,-4.95752
687,3.981,-3.04207
688,3.415,-3.33503
689,2.929,-2.76246
690,2.512,-2.71151
691,2.154,-2.11227
692,1.848,-1.39519
693,1.585,-1.18877
694,1.359,-0.81599
695,1.166,-1.30207
696,1,-0.70676
697,0.457,-0.28288
698,0.152,0.28846
699,0.023,0.19297
700,0,0.72149
701,100,-102.75461
702,85.77,-84.81088
703,73.564,-73.53688
704,63.096,-64.68658
705,54.117,-56.89147
706,46.416,-49.83503
707,39.811,-43.04323
708,34.145,-33.27024
709,29.286,-29.82788
710,25.119,-24.53399
711,21.544,-20.4465
712,18.478,-19.45855
713,15.849,-17.16366
714,13.594,-14.52745
715,11.659,-11.72736
716,10,-9.86044
717,8.577,-8.67248
718,7.356,-8.15012
719,6.31,-6.27191
720,5.412,-5.23103
721,4.642,-4.0719
722,3.981,-4.13942
723,3.415,-3.67388
724,2.929,-3.12715
725,2.512,-2.33518
726,2.154,-2.26909
727,1.848,-1.34941
728,1.585,-1.61256
729,1.359,-1.21229
730,1.166,-0.81067
731,1,-1.49832
732,0.457,-0.31618
733,0.152,-0.25013
734,0.023,0.08305
735,0,0.27541
736,100,-100.98148
737,85.77,-85.77976
738,73.564,-77.98486
739,63.096,-62.35026
740,54.117,-53.42852
741,46.416,-47.67774
742,39.811,-38.63784
743,34.145,-35.62637
744,29.286,-30.57113
745,25.119,-26.1465
746,21.544,-21.46172
747,18.478,-19.10272
748,15.849,-16.99137
749,13.594,-14.08976
750,11.659,-12.45609
751,10,-9.96333
752,8.577,-8.63838
753,7.356,-8.00745
754,6.31,-6.10704
755,5.412,-5.97221
756,4.642,-4.23733
757,3.981,-4.57953
758,3.415,-2.90479
759,2.929,-3.20205
760,2.512,-2.32999
761,2.154,-1.9095
762,1.848,-1.04222
763,1.585,-1.12775
764,1.359,-1.38797
765,1.166,-0.7198
766,1,-0.52232
767,0.457,-0.18591
768,0.152,-0.05364
769,0.023,0.27981
770,0,1.85788
771,100,-96.80368
772,85.77,-83.43268
773,73.564,-76.46628
774,63.096,-63.69371
775,54.117,-53.7759
776,46.416,-47.25111
777,39.811,-38.18672
778,34.145,-32.21946
779,29.286,-30.03733
780,25.119,-25.8057
781,21.544,-22.23433
782,18.478,-19.13053
783,15.849,-17.00002
784,13.594,-14.019
785,11.659,-11.93085
786,10,-9.90095
787,8.577,-8.81941
788,7.356,-7.43297
789,6.31,-6.13824
790,5.412,-5.46455
791,4.642,-4.59768
792,3.981,-4.38976
793,3.415,-2.87933
794,2.929,-2.83231
795,2.512,-2.36926
796,2.154,-2.17556
797,1.848,-1.56731
798,1.585,-1.60746
799,1.359,-0.88998
800,1.166,-0.37819
801,1,-1.14035
802,0.457,-0.21432
803,0.152,0.27347
804,0.023,0.6313
805,0,0.56126
806,100,-97.61376
807,85.77,-87.70463
808,73.564,-72.76079
809,63.096,-63.40183
810,54.117,-55.74505
811,46.416,-52.72335
812,39.811,-38.28954
813,34.145,-34.92543
814,29.286,-29.10677
815,25.119,-26.80516
816,21.544,-22.3178
817,18.478,-18.47056
818,15.849,-17.01164
819,13.594,-14.09328
820,11.659,-12.88144
821,10,-10.36089
822,8.577,-8.63672
823,7.356,-6.93331
824,6.31,-6.47643
825,5.412,-5.19438
826,4.642,-4.33632
827,3.981,-4.18077
828,3.415,-3.00029
829,2.929,-2.67026
830,2.512,-2.02795
831,2.154,-2.11557
832,1.848,-1.31938
833,1.585,-1.33862
834,1.359,-1.02218
835,1.166,-1.00263
836,1,-0.76975
837,0.457,-0.07392
838,0.152,0.00616
839,0.023,0.37639
840,0,0.50878
841,100,-101.22986
842,85.77,-89.22848
843,73.564,-70.70455
844,63.096,-65.71126
845,54.117,-54.30045
846,46.416,-46.31313
847,39.811,-40.52062
848,34.145,-37.21754
849,29.286,-30.35733
850,25.119,-27.67403
851,21.544,-22.67606
852,18.478,-18.73064
853,15.849,-15.74447
854,13.594,-14.20664
855,11.659,-11.59393
856,10,-9.92556
857,8.577,-8.43961
858,7.356,-7.19545
859,6.31,-6.35072
860,5.412,-5.70831
861,4.642,-4.44681
862,3.981,-3.56295
863,3.415,-2.89438
864,2.929,-2.61743
865,2.512,-2.36861
866,2.154,-2.17969
867,1.848,-1.85536
868,1.585,-1.92689
869,1.359,-0.92335
870,1.166,-0.94349
871,1,-0.94055
872,0.457,-0.13029
873,0.152,-0.07173
874,0.023,0.7282
875,0,0.20187
876,100,-104.45902
877,85.77,-89.71723
878,73.564,-71.01077
879,63.096,-68.30984
880,54.117,-51.96897
881,46.416,-50.25136
882,39.811,-43.62234
883,34.145,-34.4775
884,29.286,-30.81049
885,25.119,-25.64322
886,21.544,-21.56526
887,18.478,-19.18237
888,15.849,-15.8794
889,13.594,-13.03761
890,11.659,-12.27851
891,10,-9.53713
892,8.577,-9.00882
893,7.356,-7.20095
894,6.31,-7.03934
895,5.412,-5.47343
896,4.642,-4.67466
897,3.981,-4.32756
898,3.415,-3.73409
899,2.929,-2.89688
900,2.512,-2.49721
901,2.154,-2.09181
902,1.848,-1.35206
903,1.585,-1.11847
904,1.359,-1.43961
905,1.166,-0.82777
906,1,-1.25766
907,0.457,0.13249
908,0.152,0.09197
909,0.023,0.61734
910,0,0.04306
911,100,-109.92969
912,85.77,-82.7635
913,73.564,-73.47122
914,63.096,-66.98618
915,54.117,-54.30003
916,46.416,-47.57039
917,39.811,-39.10169
918,34.145,-36.29556
919,29.286,-31.74385
920,25.119,-25.22811
921,21.544,-21.5983
922,18.478,-18.11115
923,15.849,-15.76912
924,13.594,-13.35821
925,11.659,-11.95042
926,10,-10.67313
927,8.577,-8.57121
928,7.356,-8.06433
929,6.31,-6.03329
930,5.412,-5.71179
931,4.642,-3.95128
932,3.981,-3.74068
933,3.415,-3.62871
934,2.929,-2.50258
935,2.512,-2.63609
936,2.154,-1.62464
937,1.848,-1.67227
938,1.585,-1.11353
939,1.359,-0.84215
940,1.166,-0.7308
941,1,-0.78645
942,0.457,-0.35116
943,0.152,0.05968
944,0.023,-0.03132
945,0,0.34235
946,100,-99.38869
947,85.77,-85.16105
948,73.564,-73.73481
949,63.096,-64.7892
950,54.117,-55.78683
951,46.416,-48.72843
952,39.811,-39.80156
953,34.145,-36.17174
954,29.286,-29.05086
955,25.119,-24.47986
956,21.544,-22.71111
957,18.478,-18.65245
958,15.849,-15.32419
959,13.594,-14.11537
960,11.659,-11.26174
961,10,-10.20659
962,8.577,-9.06615
963,7.356,-7.78414
964,6.31,-5.89208
965,5.412,-5.99352
966,4.642,-4.03397
967,3.981,-4.21246
968,3.415,-2.54139
969,2.929,-2.60741
970,2.512,-2.4748
971,2.154,-2.30533
972,1.848,-1.19285
973,1.585,-1.60375
974,1.359,-1.36485
975,1.166,-1.26144
976,1,-0.83551
977,0.457,-0.22541
978,0.152,0.39997
979,0.023,0.52064
980,0,1.11442
981,100,-106.49735
982,85.77,-87.14771
983,73.564,-75.97581
984,63.096,-69.86958
985,54.117,-57.59987
986,46.416,-48.11417
987,39.811,-41.76554
988,34.145,-32.76275
989,29.286,-29.64684
990,25.119,-25.5654
991,21.544,-21.68864
992,18.478,-18.29654
993,15.849,-15.94011
994,13.594,-14.56397
995,11.659,-11.65585
996,10,-9.95809
997,8.577,-8.41118
998,7.356,-7.43223
999,6.31,-6.64776
1000,5.412,-5.41288
1001,4.642,-5.45281
1002,3.981,-3.88947
1003,3.415,-3.0056
1004,2.929,-2.77579
1005,2.512,-1.62273
1006,2.154,-2.14088
1007,1.848,-1.31644
1008,1.585,-1.37939
1009,1.359,-1.20616
1010,1.166,-1.25295
1011,1,-1.11541
1012,0.457,-0.30142
1013,0.152,-0.00234
1014,0.023,0.50388
1015,0,0.9252
1016,100,-103.53099
1017,85.77,-89.13108
1018,73.564,-74.46453
1019,63.096,-68.14026
1020,54.117,-54.29878
1021,46.416,-49.01501
1022,39.811,-38.42839
1023,34.145,-34.28427
1024,29.286,-30.61431
1025,25.119,-24.42687
1026,21.544,-22.62773
1027,18.478,-18.31879
1028,15.849,-16.24746
1029,13.594,-13.37017
1030,11.659,-11.48213
1031,10,-11.25411
1032,8.577,-8.48489
1033,7.356,-6.55323
1034,6.31,-6.28152
1035,5.412,-5.58111
1036,4.642,-4.78885
1037,3.981,-3.09698
1038,3.415,-2.84793
1039,2.929,-2.75114
1040,2.512,-2.02619
1041,2.154,-2.51123
1042,1.848,-1.77811
1043,1.585,-1.22223
1044,1.359,-1.42562
1045,1.166,-0.84493
1046,1,-0.67964
1047,0.457,-0.07469
1048,0.152,0.28944
1049,0.023,0.5757
1050,0,0.4287
1051,100,-100.36146
1052,85.77,-85.78317
1053,73.564,-74.66433
1054,63.096,-64.28619
1055,54.117,-55.8631
1056,46.416,-51.23419
1057,39.811,-40.52535
1058,34.145,-35.30524
1059,29.286,-29.02833
1060,25.119,-26.35084
1061,21.544,-21.27491
1062,18.478,-17.63324
1063,15.849,-16.89325
1064,13.594,-13.17944
1065,11.659,-12.1689
1066,10,-10.68272
1067,8.577,-9.40277
1068,7.356,-7.4473
1069,6.31,-5.92844
1070,5.412,-5.55773
1071,4.642,-5.32205
1072,3.981,-3.88749
1073,3.415,-3.03895
1074,2.929,-3.4732
1075,2.512,-2.26444
1076,2.154,-2.19335
1077,1.848,-2.12635
1078,1.585,-1.32359
1079,1.359,-0.53791
1080,1.166,-0.70626
1081,1,-1.08731
1082,0.457,0.69004
1083,0.152,0.3033
1084,0.023,0.33951
1085,0,0.80103
1086,100,-99.62867
1087,85.77,-83.51803
1088,73.564,-73.86313
1089,63.096,-63.3024
1090,54.117,-54.37224
1091,46.416,-46.82544
1092,39.811,-39.79923
1093,34.145,-32.63642
1094,29.286,-29.02556
1095,25.119,-26.46131
1096,21.544,-21.30041
1097,18.478,-18.37993
1098,15.849,-15.85854
1099,13.594,-13.66189
1100,11.659,-12.47246
1101,10,-9.82444
1102,8.577,-8.87149
1103,7.356,-7.22966
1104,6.31,-6.46127
1105,5.412,-5.3855
1106,4.642,-5.19079
1107,3.981,-3.30585
1108,3.415,-2.85445
1109,2.929,-2.89342
1110,2.512,-2.25694
1111,2.154,-1.71147
1112,1.848,-1.96114
1113,1.585,-1.54184
1114,1.359,-1.32397
1115,1.166,-0.99585
1116,1,-0.70099
1117,0.457,0.30633
1118,0.152,0.28787
1119,0.023,0.04544
1120,0,0.71413
1121,100,-103.1419
1122,85.77,-86.23337
1123,73.564,-74.46559
1124,63.096,-63.06316
1125,54.117,-54.36684
1126,46.416,-46.00578
1127,39.811,-41.64254
1128,34.145,-33.1649
1129,29.286,-30.03843
1130,25.119,-25.63789
1131,21.544,-22.16826
1132,18.478,-18.54369
1133,15.849,-15.82026
1134,13.594,-12.5602
1135,11.659,-12.30134
1136,10,-10.26412
1137,8.577,-8.82118
1138,7.356,-7.27086
1139,6.31,-6.29975
1140,5.412,-5.27984
1141,4.642,-5.2873
1142,3.981,-3.29456
1143,3.415,-3.21416
1144,2.929,-2.78783
1145,2.512,-2.57494
1146,2.154,-1.75417
1147,1.848,-1.92388
1148,1.585,-1.72691
1149,1.359,-0.91819
1150,1.166,-1.10112
1151,1,-0.53936
1152,0.457,-0.39583
1153,0.152,0.31787
1154,0.023,0.40492
1155,0,0.45434
1156,100,-97.26362
1157,85.77,-87.51753
1158,73.564,-74.39785
1159,63.096,-61.2921
1160,54.117,-54.44163
1161,46.416,-43.98822
1162,39.811,-39.46764
1163,34.145,-36.76727
1164,29.286,-30.31185
1165,25.119,-26.00692
1166,21.544,-22.06881
1167,18.478,-19.14883
1168,15.849,-16.02178
1169,13.594,-13.0406
1170,11.659,-12.26432
1171,10,-10.29314
1172,8.577,-8.71082
1173,7.356,-7.39058
1174,6.31,-6.1302
1175,5.412,-5.84641
1176,4.642,-4.46001
1177,3.981,-3.64616
1178,3.415,-3.04519
1179,2.929,-3.25888
1180,2.512,-1.87339
1181,2.154,-1.83756
1182,1.848,-1.26885
1183,1.585,-1.69308
1184,1.359,-1.23579
1185,1.166,-1.09164
1186,1,-0.22325
1187,0.457,-0.39525
1188,0.152,0.59125
1189,0.023,0.29396
1190,0,0.2008
1191,100,-99.87472
1192,85.77,-87.70723
1193,73.564,-72.88431
1194,63.096,-64.58401
1195,54.117,-54.22922
1196,46.416,-43.17823
1197,39.811,-44.02776
1198,34.145,-35.96111
1199,29.286,-29.04673
1200,25.119,-26.27082
1201,21.544,-22.43247
1202,18.478,-18.68795
1203,15.849,-16.19541
1204,13.594,-13.70774
1205,11.659,-11.55334
1206,10,-9.76966
1207,8.577,-8.95067
1208,7.356,-7.33239
1209,6.31,-6.05467
1210,5.412,-5.0337
1211,4.642,-4.45233
1212,3.981,-3.83585
1213,3.415,-3.15875
1214,2.929,-2.30215
1215,2.512,-2.52417
1216,2.154,-1.77773
1217,1.848,-1.43305
1218,1.585,-1.08102
1219,1.359,-1.23086
1220,1.166,-1.46219
1221,1,-0.34241
1222,0.457,-0.43916
1223,0.152,0.55036
1224,0.023,0.4233
1225,0,0.39564
1226,100,-106.77299
1227,85.77,-90.90501
1228,73.564,-74.53333
1229,63.096,-67.41953
1230,54.117,-56.12407
1231,46.416,-45.16798
1232,39.811,-39.68704
1233,34.145,-33.39977
1234,29.286,-30.29396
1235,25.119,-25.35596
1236,21.544,-24.46523
1237,18.478,-18.66339
1238,15.849,-15.97898
1239,13.594,-14.56085
1240,11.659,-11.55172
1241,10,-9.56498
1242,8.577,-8.50562
1243,7.356,-7.62126
1244,6.31,-6.10964
1245,5.412,-5.47848
1246,4.642,-4.03469
1247,3.981,-3.71108
1248,3.415,-3.11818
1249,2.929,-3.54966
1250,2.512,-2.35962
1251,2.154,-2.26926
1252,1.848,-2.21067
1253,1.585,-1.95591
1254,1.359,-1.35051
1255,1.166,-0.50449
1256,1,-0.40382
1257,0.457,-0.56633
1258,0.152,0.17429
1259,0.023,0.65675
1260,0,0.45137
1261,100,-100.11625
1262,85.77,-84.37575
1263,73.564,-78.13291
1264,63.096,-64.384
1265,54.117,-55.45496
1266,46.416,-48.11524
1267,39.811,-39.57726
1268,34.145,-36.1134
1269,29.286,-30.99044
1270,25.119,-25.44572
1271,21.544,-22.23355
1272,18.478,-17.94826
1273,15.849,-16.7089
1274,13.594,-14.3669
1275,11.659,-12.29101
1276,10,-10.12885
1277,8.577,-8.55252
1278,7.356,-7.41211
1279,6.31,-5.72646
1280,5.412,-5.70588
1281,4.642,-4.33051
1282,3.981,-4.26479
1283,3.415,-3.37357
1284,2.929,-2.51841
1285,2.512,-2.27301
1286,2.154,-1.50545
1287,1.848,-1.69232
1288,1.585,-1.41309
1289,1.359,-1.28528
1290,1.166,-1.38612
1291,1,-0.5113
1292,0.457,0.35567
1293,0.152,0.45326
1294,0.023,-0.09309
1295,0,0.74774
1296,100,-104.59033
1297,85.77,-89.71533
1298,73.564,-75.07691
1299,63.096,-64.48593
1300,54.117,-53.39525
1301,46.416,-49.24281
1302,39.811,-41.68124
1303,34.145,-35.15977
1304,29.286,-29.18459
1305,25.119,-24.10406
1306,21.544,-21.87179
1307,18.478,-19.82628
1308,15.849,-16.00976
1309,13.594,-12.77604
1310,11.659,-13.05328
1311,10,-10.54809
1312,8.577,-7.996
1313,7.356,-7.02643
1314,6.31,-6.2801
1315,5.412,-5.36546
1316,4.642,-4.14922
1317,3.981,-3.8666
1318,3.415,-3.27357
1319,2.929,-3.04346
1320,2.512,-2.05846
1321,2.154,-2.2447
1322,1.848,-1.64692
1323,1.585,-0.977
1324,1.359,-1.05182
1325,1.166,-0.70504
1326,1,-1.29391
1327,0.457,-0.63008
1328,0.152,-0.16233
1329,0.023,0.67857
1330,0,0.15337
1331,100,-100.48645
1332,85.77,-87.79709
1333,73.564,-73.53857
1334,63.096,-65.45029
1335,54.117,-53.56736
1336,46.416,-43.5788
1337,39.811,-39.35738
1338,34.145,-37.34898
1339,29.286,-30.2059
1340,25.119,-25.29585
1341,21.544,-22.3797
1342,18.478,-18.24073
1343,15.849,-16.91852
1344,13.594,-13.38031
1345,11.659,-11.94547
1346,10,-10.27814
1347,8.577,-9.26412
1348,7.356,-6.91628
1349,6.31,-6.16247
1350,5.412,-5.1713
1351,4.642,-4.27546
1352,3.981,-4.07216
1353,3.415,-3.79038
1354,2.929,-2.96621
1355,2.512,-2.55877
1356,2.154,-2.30011
1357,1.848,-2.15342
1358,1.585,-1.48833
1359,1.359,-0.78732
1360,1.166,-1.13312
1361,1,-0.36959
1362,0.457,0.02103
1363,0.152,0.99368
1364,0.023,0.59458
1365,0,0.42384
1366,100,-95.67737
1367,85.77,-86.77713
1368,73.564,-75.97427
1369,63.096,-63.69325
1370,54.117,-54.94476
1371,46.416,-49.71537
1372,39.811,-38.18692
1373,34.145,-34.53458
1374,29.286,-30.76561
1375,25.119,-26.0061
1376,21.544,-21.69538
1377,18.478,-19.63434
1378,15.849,-15.84624
1379,13.594,-14.33763
1380,11.659,-12.41155
1381,10,-10.51826
1382,8.577,-8.04451
1383,7.356,-6.82321
1384,6.31,-6.51251
1385,5.412,-5.30022
1386,4.642,-4.63095
1387,3.981,-3.74302
1388,3.415,-3.13897
1389,2.929,-2.40005
1390,2.512,-2.74262
1391,2.154,-2.06313
1392,1.848,-1.51142
1393,1.585,-0.9568
1394,1.359,-0.91104
1395,1.166,-0.62884
1396,1,-0.61961
1397,0.457,-0.00384
1398,0.152,0.36221
1399,0.023,0.01715
1400,0,-0.19118
1401,100,-95.34089
1402,85.77,-88.17394
1403,73.564,-76.67943
1404,63.096,-60.22836
1405,54.117,-53.05918
1406,46.416,-47.09035
1407,39.811,-42.43429
1408,34.145,-36.16851
1409,29.286,-27.5187
1410,25.119,-25.37042
1411,21.544,-21.21788
1412,18.478,-17.55905
1413,15.849,-15.96691
1414,13.594,-13.66378
1415,11.659,-11.59605
1416,10,-10.17053
1417,8.577,-8.52821
1418,7.356,-7.79845
1419,6.31,-7.21439
1420,5.412,-5.71023
1421,4.642,-4.87788
1422,3.981,-3.46158
1423,3.415,-3.29851
1424,2.929,-2.7792
1425,2.512,-2.03918
1426,2.154,-1.91017
1427,1.848,-0.77238
1428,1.585,-1.30344
1429,1.359,-0.67163
1430,1.166,-0.46179
1431,1,-1.23385
1432,0.457,-0.49686
1433,0.152,0.20527
1434,0.023,0.59673
1435,0,0.79269
1436,100,-98.67174
1437,85.77,-89.03536
1438,73.564,-71.87276
1439,63.096,-62.96909
1440,54.117,-55.30718
1441,46.416,-46.06001
1442,39.811,-42.43765
1443,34.145,-34.53179
1444,29.286,-32.14703
1445,25.119,-26.30167
1446,21.544,-22.10264
1447,18.478,-19.06869
1448,15.849,-16.33049
1449,13.594,-13.9892
1450,11.659,-11.78774
1451,10,-10.90976
1452,8.577,-9.12937
1453,7.356,-7.32639
1454,6.31,-6.14816
1455,5.412,-5.008
1456,4.642,-4.87625
1457,3.981,-3.98361
1458,3.415,-3.00778
1459,2.929,-3.24036
1460,2.512,-2.09262
1461,2.154,-2.2299
1462,1.848,-1.93893
1463,1.585,-1.68611
1464,1.359,-0.93666
1465,1.166,-0.55807
1466,1,-0.82491
1467,0.457,-0.34779
1468,0.152,-0.07071
1469,0.023,0.02958
1470,0,0.60514
1471,100,-100.98231
1472,85.77,-83.77336
1473,73.564,-73.21007
1474,63.096,-61.47746
1475,54.117,-55.37846
1476,46.416,-45.45815
1477,39.811,-38.53477
1478,34.145,-36.35913
1479,29.286,-29.42412
1480,25.119,-27.05549
1481,21.544,-22.62309
1482,18.478,-20.70381
1483,15.849,-16.07007
1484,13.594,-14.06627
1485,11.659,-11.70084
1486,10,-9.64249
1487,8.577,-8.55155
1488,7.356,-6.69316
1489,6.31,-6.26851
1490,5.412,-5.71715
1491,4.642,-4.55374
1492,3.981,-4.90212
1493,3.415,-2.97287
1494,2.929,-3.18864
1495,2.512,-2.31298
1496,2.154,-1.43512
1497,1.848,-1.70386
1498,1.585,-1.43676
1499,1.359,-1.0574
1500,1.166,-0.99131
1501,1,-1.11949
1502,0.457,-0.02993
1503,0.152,0.29214
1504,0.023,0.52337
1505,0,0.12069
1506,100,-104.4569
1507,85.77,-87.51952
1508,73.564,-78.05686
1509,63.096,-66.07278
1510,54.117,-52.358
1511,46.416,-50.37268
1512,39.811,-41.27669
1513,34.145,-35.1016
1514,29.286,-27.99664
1515,25.119,-25.83443
1516,21.544,-21.44097
1517,18.478,-18.76252
1518,15.849,-15.94581
1519,13.594,-14.25216
1520,11.659,-11.30733
1521,10,-9.84508
1522,8.577,-8.53383
1523,7.356,-7.15442
1524,6.31,-6.29564
1525,5.412,-5.43856
1526,4.642,-4.7829
1527,3.981,-3.69023
1528,3.415,-3.91126
1529,2.929,-2.63098
1530,2.512,-2.57015
1531,2.154,-2.33106
1532,1.848,-1.6186
1533,1.585,-1.98764
1534,1.359,-1.34878
1535,1.166,-0.17733
1536,1,-1.03163
1537,0.457,-0.47265
1538,0.152,0.33732
1539,0.023,0.51367
1540,0,0.53045
1541,100,-106.77522
1542,85.77,-91.00943
1543,73.564,-74.53105
1544,63.096,-62.8213
1545,54.117,-53.1581
1546,46.416,-50.07148
1547,39.811,-40.83524
1548,34.145,-36.23341
1549,29.286,-29.42723
1550,25.119,-26.36572
1551,21.544,-23.08104
1552,18.478,-18.80076
1553,15.849,-14.93981
1554,13.594,-14.08576
1555,11.659,-11.5582
1556,10,-9.84452
1557,8.577,-8.69961
1558,7.356,-7.09308
1559,6.31,-6.10288
1560,5.412,-5.04387
1561,4.642,-4.18164
1562,3.981,-4.04077
1563,3.415,-2.88694
1564,2.929,-2.99043
1565,2.512,-2.59994
1566,2.154,-1.69647
1567,1.848,-1.14905
1568,1.585,-1.13257
1569,1.359,-1.21133
1570,1.166,-0.81238
1571,1,-0.21171
1572,0.457,0.10182
1573,0.152,-0.06124
1574,0.023,-0.15346
1575,0,0.48192
1576,100,-99.751
1577,85.77,-84.28933
1578,73.564,-77.6906
1579,63.096,-61.6585
1580,54.117,-52.78803
1581,46.416,-45.95746
1582,39.811,-39.76512
1583,34.145,-35.07248
1584,29.286,-29.93187
1585,25.119,-25.59425
1586,21.544,-21.42968
1587,18.478,-19.30674
1588,15.849,-16.2427
1589,13.594,-13.56413
1590,11.659,-11.1645
1591,10,-9.74829
1592,8.577,-9.20068
1593,7.356,-7.25702
1594,6.31,-6.34142
1595,5.412,-5.44959
1596,4.642,-4.19558
1597,3.981,-3.64778
1598,3.415,-3.29819
1599,2.929,-3.05528
1600,2.512,-2.27514
1601,2.154,-1.80909
1602,1.848,-1.46628
1603,1.585,-1.21505
1604,1.359,-0.9751
1605,1.166,-1.23219
1606,1,-0.89388
1607,0.457,-0.0268
1608,0.152,0.09593
1609,0.023,0.3764
1610,0,0.39658
1611,100,-103.53334
1612,85.77,-85.87556
1613,73.564,-73.01602
1614,63.096,-64.13429
1615,54.117,-57.3614
1616,46.416,-44.87767
1617,39.811,-44.88005
1618,34.145,-34.19902
1619,29.286,-29.24716
1620,25.119,-26.5231
1621,21.544,-21.5857
1622,18.478,-18.51481
1623,15.849,-16.51898
1624,13.594,-14.49454
1625,11.659,-11.56724
1626,10,-10.51166
1627,8.577,-8.23832
1628,7.356,-7.94784
1629,6.31,-6.17281
1630,5.412,-5.21404
1631,4.642,-4.43161
1632,3.981,-3.93181
1633,3.415,-3.55259
1634,2.929,-3.08875
1635,2.512,-2.23017
1636,2.154,-1.93143
1637,1.848,-1.55286
1638,1.585,-1.77155
1639,1.359,-1.1379
1640,1.166,-0.96233
1641,1,-1.1075
1642,0.457,-0.61357
1643,0.152,-0.23074
1644,0.023,0.61875
1645,0,0.16287
1646,100,-101.85881
1647,85.77,-84.37447
1648,73.564,-76.82307
1649,63.096,-64.88745
1650,54.117,-56.12746
1651,46.416,-48.11446
1652,39.811,-42.99623
1653,34.145,-33.60736
1654,29.286,-30.812
1655,25.119,-27.25663
1656,21.544,-22.55986
1657,18.478,-19.31511
1658,15.849,-16.10568
1659,13.594,-14.01732
1660,11.659,-12.68911
1661,10,-10.44995
1662,8.577,-8.57438
1663,7.356,-7.93697
1664,6.31,-6.63528
1665,5.412,-5.09594
1666,4.642,-4.64099
1667,3.981,-3.34242
1668,3.415,-3.26303
1669,2.929,-3.06158
1670,2.512,-2.35
1671,2.154,-1.72794
1672,1.848,-2.12673
1673,1.585,-1.45491
1674,1.359,-1.20851
1675,1.166,-1.61788
1676,1,-1.06187
1677,0.457,-0.22851
1678,0.152,0.11715
1679,0.023,0.08618
1680,0,0.42614
1681,100,-103.01453
1682,85.77,-87.70002
1683,73.564,-77.1818
1684,63.096,-60.09875
1685,54.117,-53.8769
1686,46.416,-46.82712
1687,39.811,-41.07429
1688,34.145,-34.55958
1689,29.286,-31.25906
1690,25.119,-24.24932
1691,21.544,-22.19562
1692,18.478,-18.80056
1693,15.849,-14.76334
1694,13.594,-14.19827
1695,11.659,-11.38379
1696,10,-9.73117
1697,8.577,-9.00093
1698,7.356,-7.90261
1699,6.31,-5.82807
1700,5.412,-5.45589
1701,4.642,-4.87991
1702,3.981,-4.21916
1703,3.415,-3.22456
1704,2.929,-2.57789
1705,2.512,-2.71304
1706,2.154,-2.06237
1707,1.848,-1.36157
1708,1.585,-1.32166
1709,1.359,-0.79575
1710,1.166,-1.06625
1711,1,-0.31642
1712,0.457,-0.17738
1713,0.152,0.59468
1714,0.023,0.32085
1715,0,0.31686
1716,100,-99.75209
1717,85.77,-84.81162
1718,73.564,-69.11437
1719,63.096,-61.84178
1720,54.117,-56.54414
1721,46.416,-44.92523
1722,39.811,-41.80945
1723,34.145,-35.21593
1724,29.286,-28.67855
1725,25.119,-24.80928
1726,21.544,-22.62064
1727,18.478,-19.1435
1728,15.849,-15.97524
1729,13.594,-14.35217
1730,11.659,-11.6678
1731,10,-9.81459
1732,8.577,-7.96904
1733,7.356,-7.82986
1734,6.31,-7.16426
1735,5.412,-4.81227
1736,4.642,-4.78402
1737,3.981,-4.2357
1738,3.415,-3.10939
1739,2.929,-2.52183
1740,2.512,-2.23689
1741,2.154,-1.91337
1742,1.848,-1.53443
1743,1.585,-1.75147
1744,1.359,-0.55677
1745,1.166,-0.59966
1746,1,-0.48132
1747,0.457,-0.48565
1748,0.152,0.18629
1749,0.023,0.32062
1750,0,0.31901
1751,100,-97.26311
1752,85.77,-85.24873
1753,73.564,-79.48901
1754,63.096,-63.93639
1755,54.117,-54.9812
1756,46.416,-48.28485
1757,39.811,-42.35311
1758,34.145,-34.95833
1759,29.286,-29.05038
1760,25.119,-26.23673
1761,21.544,-23.58529
1762,18.478,-20.2375
1763,15.849,-15.37675
1764,13.594,-13.05007
1765,11.659,-11.87139
1766,10,-9.34779
1767,8.577,-8.595
1768,7.356,-7.74474
1769,6.31,-6.54494
1770,5.412,-5.35774
1771,4.642,-4.377
1772,3.981,-3.85401
1773,3.415,-3.52979
1774,2.929,-3.03228
1775,2.512,-2.08353
1776,2.154,-2.30833
1777,1.848,-1.34692
1778,1.585,-1.75925
1779,1.359,-1.55139
1780,1.166,-0.86184
1781,1,-0.87225
1782,0.457,0.09579
1783,0.152,-0.26337
1784,0.023,0.62944
1785,0,0.3671
1786,100,-103.79609
1787,85.77,-93.17408
1788,73.564,-72.25086
1789,63.096,-62.16592
1790,54.117,-56.16362
1791,46.416,-50.12927
1792,39.811,-40.60209
1793,34.145,-34.06719
1794,29.286,-29.99335
1795,25.119,-25.99136
1796,21.544,-23.14079
1797,18.478,-18.14821
1798,15.849,-15.89436
1799,13.594,-13.52559
1800,11.659,-11.13083
1801,10,-11.30794
1802,8.577,-8.75948
1803,7.356,-7.10373
1804,6.31,-7.21591
1805,5.412,-5.92211
1806,4.642,-4.07068
1807,3.981,-3.38717
1808,3.415,-3.55913
1809,2.929,-2.15331
1810,2.512,-1.97606
1811,2.154,-1.26603
1812,1.848,-1.91626
1813,1.585,-1.03494
1814,1.359,-1.58755
1815,1.166,-0.81275
1816,1,-0.66229
1817,0.457,0.02052
1818,0.152,0.27313
1819,0.023,0.40544
1820,0,0.52108
1821,100,-99.99439
1822,85.77,-90.2078
1823,73.564,-73.21085
1824,63.096,-64.33437
1825,54.117,-55.89924
1826,46.416,-48.96126
1827,39.811,-41.76779
1828,34.145,-36.69955
1829,29.286,-31.05533
1830,25.119,-25.05297
1831,21.544,-22.39982
1832,18.478,-19.58682
1833,15.849,-16.09062
1834,13.594,-14.38022
1835,11.659,-10.67728
1836,10,-10.25085
1837,8.577,-8.63243
1838,7.356,-7.9127
1839,6.31,-5.6779
1840,5.412,-6.06862
1841,4.642,-4.90801
1842,3.981,-4.30896
1843,3.415,-3.28688
1844,2.929,-2.52847
1845,2.512,-2.24303
1846,2.154,-2.0251
1847,1.848,-1.74656
1848,1.585,-1.30246
1849,1.359,-0.99747
1850,1.166,-1.05425
1851,1,-0.68924
1852,0.457,0.46684
1853,0.152,0.32476
1854,0.023,0.49248
1855,0,0.08788
1856,100,-104.8573
1857,85.77,-87.05486
1858,73.564,-70.28421
1859,63.096,-64.48444
1860,54.117,-55.37959
1861,46.416,-48.84677
1862,39.811,-39.87613
1863,34.145,-34.33753
1864,29.286,-30.67982
1865,25.119,-26.25436
1866,21.544,-22.25515
1867,18.478,-18.39697
1868,15.849,-15.71223
1869,13.594,-14.44925
1870,11.659,-11.97684
1871,10,-10.04288
1872,8.577,-8.15966
1873,7.356,-7.16872
1874,6.31,-5.96255
1875,5.412,-5.34022
1876,4.642,-4.45549
1877,3.981,-3.85211
1878,3.415,-3.57829
1879,2.929,-2.74216
1880,2.512,-2.50119
1881,2.154,-2.20212
1882,1.848,-1.92751
1883,1.585,-1.31597
1884,1.359,-1.32838
1885,1.166,-0.37062
1886,1,-0.47113
1887,0.457,0.00677
1888,0.152,0.74244
1889,0.023,0.29145
1890,0,0.38602
1891,100,-98.19797
1892,85.77,-86.32368
1893,73.564,-73.01755
1894,63.096,-63.01443
1895,54.117,-54.94175
1896,46.416,-48.61855
1897,39.811,-38.18729
1898,34.145,-34.11877
1899,29.286,-28.62192
1900,25.119,-25.17791
1901,21.544,-21.40089
1902,18.478,-18.01046
1903,15.849,-16.67815
1904,13.594,-14.05303
1905,11.659,-11.3662
1906,10,-9.83676
1907,8.577,-9.57179
1908,7.356,-7.59845
1909,6.31,-5.8211
1910,5.412,-5.40474
1911,4.642,-4.49442
1912,3.981,-3.77171
1913,3.415,-3.59123
1914,2.929,-3.32743
1915,2.512,-2.04807
1916,2.154,-2.24462
1917,1.848,-1.946
1918,1.585,-0.96565
1919,1.359,-1.46589
1920,1.166,-0.96116
1921,1,-0.56424
1922,0.457,0.29826
1923,0.152,0.39463
1924,0.023,-0.045
1925,0,0.19976
1926,100,-98.67041
1927,85.77,-89.03701
1928,73.564,-71.87435
1929,63.096,-63.40058
1930,54.117,-54.7616
1931,46.416,-47.62249
1932,39.811,-43.85045
1933,34.145,-35.5968
1934,29.286,-30.37933
1935,25.119,-26.29848
1936,21.544,-22.66466
1937,18.478,-17.7823
1938,15.849,-16.26478
1939,13.594,-13.75534
1940,11.659,-11.95949
1941,10,-10.18974
1942,8.577,-8.67961
1943,7.356,-7.44479
1944,6.31,-6.20372
1945,5.412,-4.83349
1946,4.642,-5.17361
1947,3.981,-3.78391
1948,3.415,-3.35961
1949,2.929,-2.81944
1950,2.512,-2.80616
1951,2.154,-1.64852
1952,1.848,-1.85493
1953,1.585,-1.5508
1954,1.359,-0.69769
1955,1.166,-1.21758
1956,1,-0.66347
1957,0.457,-0.18177
1958,0.152,0.12766
1959,0.023,0.15435
1960,0,0.91027
1961,100,-99.50907
1962,85.77,-87.60898
1963,73.564,-76.32314
1964,63.096,-68.25731
1965,54.117,-58.44873
1966,46.416,-46.98399
1967,39.811,-40.52177
1968,34.145,-33.08874
1969,29.286,-31.58016
1970,25.119,-26.31893
1971,21.544,-20.98541
1972,18.478,-18.10036
1973,15.849,-15.63691
1974,13.594,-14.11464
1975,11.659,-12.47584
1976,10,-10.26126
1977,8.577,-8.42554
1978,7.356,-7.50731
1979,6.31,-6.14881
1980,5.412,-5.33871
1981,4.642,-4.89098
1982,3.981,-4.03552
1983,3.415,-3.7469
1984,2.929,-2.86061
1985,2.512,-2.30065
1986,2.154,-2.12228
1987,1.848,-1.97941
1988,1.585,-1.63265
1989,1.359,-1.16604
1990,1.166,-1.34935
1991,1,-1.16382
1992,0.457,-0.15105
1993,0.152,0.15861
1994,0.023,0.15417
1995,0,-0.60135
1996,100,-98.31625
1997,85.77,-85.4293
1998,73.564,-73.14694
1999,63.096,-67.31393
2000,54.117,-54.97713
2001,46.416,-47.89585
2002,39.811,-42.8206
2003,34.145,-34.84172
2004,29.286,-29.48323
2005,25.119,-25.50425
2006,21.544,-21.69877
2007,18.478,-18.7763
2008,15.849,-16.19111
2009,13.594,-12.85341
2010,11.659,-11.11252
2011,10,-9.59457
2012,8.577,-8.9891
2013,7.356,-7.65689
2014,6.31,-6.38915
2015,5.412,-5.59771
2016,4.642,-4.91466
2017,3.981,-4.35543
2018,3.415,-2.97418
2019,2.929,-3.12959
2020,2.512,-2.013
2021,2.154,-2.0468
2022,1.848,-1.4814
2023,1.585,-1.00094
2024,1.359,-1.52004
2025,1.166,-0.64817
2026,1,-0.50784
2027,0.457,-0.08681
2028,0.152,0.39353
2029,0.023,0.29427
2030,0,0.19707
2031,100,-101.23013
2032,85.77,-89.22493
2033,73.564,-73.60147
2034,63.096,-66.82332
2035,54.117,-54.68974
2036,46.416,-44.83098
2037,39.811,-41.88956
2038,34.145,-33.82203
2039,29.286,-29.99957
2040,25.119,-27.88879
2041,21.544,-20.14302
2042,18.478,-18.03322
2043,15.849,-16.10835
2044,13.594,-14.54127
2045,11.659,-12.25877
2046,10,-10.71987
2047,8.577,-8.15181
2048,7.356,-7.16707
2049,6.31,-6.0914
2050,5.412,-5.60349
2051,4.642,-4.16477
2052,3.981,-3.65329
2053,3.415,-3.54707
2054,2.929,-2.66657
2055,2.512,-2.94181
2056,2.154,-1.68606
2057,1.848,-1.45518
2058,1.585,-1.30707
2059,1.359,-0.99728
2060,1.166,-1.16057
2061,1,-0.57093
2062,0.457,0.06765
2063,0.152,0.44109
2064,0.023,0.40461
2065,0,0.35089
2066,100,-104.58881
2067,85.77,-84.37612
2068,73.564,-75.00707
2069,63.096,-62.21222
2070,54.117,-54.79693
2071,46.416,-48.95789
2072,39.811,-42.34965
2073,34.145,-34.64139
2074,29.286,-29.526
2075,25.119,-26.43087
2076,21.544,-22.59817
2077,18.478,-17.57399
2078,15.849,-15.75852
2079,13.594,-13.9112
2080,11.659,-12.40777
2081,10,-9.97886
2082,8.577,-8.54017
2083,7.356,-7.78915
2084,6.31,-6.10875
2085,5.412,-5.48128
2086,4.642,-4.1577
2087,3.981,-3.68392
2088,3.415,-3.94324
2089,2.929,-2.39847
2090,2.512,-1.66986
2091,2.154,-2.00613
2092,1.848,-1.65799
2093,1.585,-1.21302
2094,1.359,-1.09832
2095,1.166,-1.07844
2096,1,-0.48381
2097,0.457,-0.03913
2098,0.152,0.51534
2099,0.023,1.1729
2100,0,0.04774
2101,100,-101.23042
2102,85.77,-86.14344
2103,73.564,-75.83411
2104,63.096,-63.88599
2105,54.117,-53.63486
2106,46.416,-52.06616
2107,39.811,-39.3922
2108,34.145,-34.14859
2109,29.286,-29.30444
2110,25.119,-25.65433
2111,21.544,-22.83963
2112,18.478,-19.06098
2113,15.849,-15.78388
2114,13.594,-13.97268
2115,11.659,-11.33237
2116,10,-9.51997
2117,8.577,-8.8973
2118,7.356,-7.60636
2119,6.31,-6.24083
2120,5.412,-5.59043
2121,4.642,-5.39242
2122,3.981,-3.83575
2123,3.415,-3.31221
2124,2.929,-3.55912
2125,2.512,-2.67786
2126,2.154,-1.71114
2127,1.848,-1.80364
2128,1.585,-1.44104
2129,1.359,-1.02528
2130,1.166,-1.30946
2131,1,-0.70556
2132,0.457,-0.05112
2133,0.152,0.383
2134,0.023,0.55754
2135,0,0.32063
2136,100,-102.11215
2137,85.77,-84.89708
2138,73.564,-72.88963
2139,63.096,-63.01653
2140,54.117,-55.6024
2141,46.416,-46.41341
2142,39.811,-39.06931
2143,34.145,-35.4822
2144,29.286,-29.40357
2145,25.119,-24.82479
2146,21.544,-22.14905
2147,18.478,-19.35894
2148,15.849,-15.88618
2149,13.594,-13.10725
2150,11.659,-12.26248
2151,10,-10.04607
2152,8.577,-8.82165
2153,7.356,-7.37101
2154,6.31,-6.4242
2155,5.412,-5.58914
2156,4.642,-4.22454
2157,3.981,-3.29915
2158,3.415,-3.21475
2159,2.929,-3.02878
2160,2.512,-2.53238
2161,2.154,-1.683
2162,1.848,-1.52563
2163,1.585,-1.4116
2164,1.359,-1.3554
2165,1.166,-1.282
2166,1,-1.0046
2167,0.457,-0.25869
2168,0.152,-0.25252
2169,0.023,0.66504
2170,0,0.41126
2171,100,-107.47571
2172,85.77,-85.51697
2173,73.564,-74.53253
2174,63.096,-62.68288
2175,54.117,-56.16199
2176,46.416,-44.78467
2177,39.811,-42.55827
2178,34.145,-34.92885
2179,29.286,-28.96944
2180,25.119,-25.26908
2181,21.544,-22.0382
2182,18.478,-18.18339
2183,15.849,-17.066
2184,13.594,-12.93293
2185,11.659,-11.42522
2186,10,-9.79743
2187,8.577,-7.89427
2188,7.356,-6.99159
2189,6.31,-6.40485
2190,5.412,-5.09317
2191,4.642,-4.3781
2192,3.981,-3.81013
2193,3.415,-3.56047
2194,2.929,-2.9038
2195,2.512,-2.15549
2196,2.154,-1.91454
2197,1.848,-2.36277
2198,1.585,-1.38364
2199,1.359,-1.21448
2200,1.166,-1.12219
2201,1,-0.80624
2202,0.457,0.00752
2203,0.152,0.02173
2204,0.023,-0.03761
2205,0,0.16626
2206,100,-106.63674
2207,85.77,-87.60998
2208,73.564,-77.32764
2209,63.096,-64.13613
2210,54.117,-55.97561
2211,46.416,-46.88112
2212,39.811,-40.997
2213,34.145,-35.60022
2214,29.286,-30.46257
2215,25.119,-25.56147
2216,21.544,-23.00807
2217,18.478,-20.15015
2218,15.849,-15.48465
2219,13.594,-13.62188
2220,11.659,-11.45914
2221,10,-10.55874
2222,8.577,-9.23834
2223,7.356,-6.95467
2224,6.31,-5.57099
2225,5.412,-5.1627
2226,4.642,-4.67424
2227,3.981,-3.92093
2228,3.415,-3.29432
2229,2.929,-2.81426
2230,2.512,-2.28523
2231,2.154,-2.10592
2232,1.848,-1.8808
2233,1.585,-1.38008
2234,1.359,-0.6505
2235,1.166,-1.15179
2236,1,-0.51008
2237,0.457,-0.39369
2238,0.152,0.44444
2239,0.023,0.38074
2240,0,-0.28633
2241,100,-100.11599
2242,85.77,-87.9862
2243,73.564,-74.53493
2244,63.096,-61.11187
2245,54.117,-57.52159
2246,46.416,-47.78503
2247,39.811,-40.25469
2248,34.145,-36.44959
2249,29.286,-30.89989
2250,25.119,-27.65587
2251,21.544,-21.9259
2252,18.478,-18.97929
2253,15.849,-15.62566
2254,13.594,-14.60393
2255,11.659,-12.78133
2256,10,-11.17924
2257,8.577,-8.5007
2258,7.356,-7.08721
2259,6.31,-6.14473
2260,5.412,-5.91009
2261,4.642,-4.1956
2262,3.981,-3.79149
2263,3.415,-3.33431
2264,2.929,-2.54043
2265,2.512,-2.90588
2266,2.154,-2.10467
2267,1.848,-1.48771
2268,1.585,-1.09988
2269,1.359,-1.10392
2270,1.166,-1.12594
2271,1,-0.74616
2272,0.457,-0.01512
2273,0.152,0.60102
2274,0.023,0.5979
2275,0,0.34605
2276,100,-102.11158
2277,85.77,-88.74859
2278,73.564,-71.13005
2279,63.096,-64.13649
2280,54.117,-54.68961
2281,46.416,-43.5333
2282,39.811,-42.51914
2283,34.145,-35.24798
2284,29.286,-31.18857
2285,25.119,-26.28583
2286,21.544,-22.34733
2287,18.478,-19.68089
2288,15.849,-15.34187
2289,13.594,-14.29694
2290,11.659,-11.37234
2291,10,-10.74658
2292,8.577,-8.00957
2293,7.356,-7.52377
2294,6.31,-6.3503
2295,5.412,-5.75114
2296,4.642,-4.45875
2297,3.981,-3.74111
2298,3.415,-3.08946
2299,2.929,-2.68682
2300,2.512,-3.06447
2301,2.154,-2.11699
2302,1.848,-1.58627
2303,1.585,-0.96516
2304,1.359,-1.01232
2305,1.166,-1.24751
2306,1,-0.39875
2307,0.457,-0.05565
2308,0.152,0.46134
2309,0.023,-0.03564
2310,0,0.48376
2311,100,-100.9756
2312,85.77,-85.96054
2313,73.564,-74.19709
2314,63.096,-68.3683
2315,54.117,-56.01256
2316,46.416,-47.78619
2317,39.811,-39.98841
2318,34.145,-33.98253
2319,29.286,-28.64786
2320,25.119,-24.93815
2321,21.544,-22.5254
2322,18.478,-19.39913
2323,15.849,-17.54578
2324,13.594,-14.37947
2325,11.659,-12.04891
2326,10,-9.37883
2327,8.577,-8.36677
2328,7.356,-7.27527
2329,6.31,-6.22172
2330,5.412,-6.21216
2331,4.642,-4.32407
2332,3.981,-4.26472
2333,3.415,-2.98672
2334,2.929,-2.68554
2335,2.512,-2.38069
2336,2.154,-2.05408
2337,1.848,-1.88131
2338,1.585,-1.02314
2339,1.359,-1.86938
2340,1.166,-1.46299
2341,1,-0.36824
2342,0.457,0.08482
2343,0.152,-0.07641
2344,0.023,0.07313
2345,0,0.27093
2346,100,-103.92692
2347,85.77,-86.41437
2348,73.564,-75.07514
2349,63.096,-64.18536
2350,54.117,-51.93741
2351,46.416,-50.55418
2352,39.811,-40.60219
2353,34.145,-34.20187
2354,29.286,-29.14712
2355,25.119,-25.86576
2356,21.544,-20.96718
2357,18.478,-18.22621
2358,15.849,-16.02546
2359,13.594,-13.69897
2360,11.659,-12.72281
2361,10,-9.4235
2362,8.577,-8.88019
2363,7.356,-7.0438
2364,6.31,-6.7783
2365,5.412,-5.31062
2366,4.642,-4.04521
2367,3.981,-3.88983
2368,3.415,-2.77213
2369,2.929,-2.19558
2370,2.512,-2.20223
2371,2.154,-2.3765
2372,1.848,-1.28622
2373,1.585,-1.1608
2374,1.359,-1.28812
2375,1.166,-0.65173
2376,1,-1.27348
2377,0.457,0.06561
2378,0.152,0.34022
2379,0.023,0.27927
2380,0,0.04856
2381,100,-98.90822
2382,85.77,-84.80978
2383,73.564,-73.27744
2384,63.096,-64.58531
2385,54.117,-57.55925
2386,46.416,-49.07438
2387,39.811,-41.80414
2388,34.145,-34.64396
2389,29.286,-30.81047
2390,25.119,-26.39817
2391,21.544,-22.8416
2392,18.478,-18.83288
2393,15.849,-14.33075
2394,13.594,-13.6999
2395,11.659,-12.04896
2396,10,-9.91005
2397,8.577,-8.45925
2398,7.356,-7.22135
2399,6.31,-6.41608
2400,5.412,-5.48168
2401,4.642,-4.34375
2402,3.981,-4.10532
2403,3.415,-3.18644
2404,2.929,-3.11132
2405,2.512,-1.90712
2406,2.154,-2.40258
2407,1.848,-1.8186
2408,1.585,-1.77584
2409,1.359,-0.90161
2410,1.166,-1.13543
2411,1,-0.58867
2412,0.457,-0.25207
2413,0.152,-0.32556
2414,0.023,0.29394
2415,0,0.38093
2416,100,-96.57697
2417,85.77,-86.77888
2418,73.564,-75.48546
2419,63.096,-64.08467
2420,54.117,-53.94625
2421,46.416,-46.56673
2422,39.811,-40.99354
2423,34.145,-35.86888
2424,29.286,-28.8158
2425,25.119,-25.0961
2426,21.544,-22.87742
2427,18.478,-19.11696
2428,15.849,-15.94438
2429,13.594,-14.07997
2430,11.659,-11.09606
2431,10,-10.2585
2432,8.577,-9.17361
2433,7.356,-7.80497
2434,6.31,-6.24726
2435,5.412,-5.40329
2436,4.642,-4.458
2437,3.981,-3.80415
2438,3.415,-3.57469
2439,2.929,-2.44616
2440,2.512,-2.45149
2441,2.154,-2.06225
2442,1.848,-1.5781
2443,1.585,-1.72852
2444,1.359,-1.14324
2445,1.166,-0.77665
2446,1,-0.78711
2447,0.457,0.0993
2448,0.152,0.00221
2449,0.023,-0.30959
2450,0,0.67449
2451,100,-101.73291
2452,85.77,-87.98803
2453,73.564,-74.39625
2454,63.096,-64.73527
2455,54.117,-58.16213
2456,46.416,-45.26406
2457,39.811,-39.2809
2458,34.145,-33.98538
2459,29.286,-28.49042
2460,25.119,-25.44658
2461,21.544,-22.13388
2462,18.478,-18.56233
2463,15.849,-16.39836
2464,13.594,-13.09377
2465,11.659,-10.66057
2466,10,-10.96578
2467,8.577,-8.44633
2468,7.356,-8.18321
2469,6.31,-6.09888
2470,5.412,-5.82678
2471,4.642,-4.29184
2472,3.981,-4.14673
2473,3.415,-3.80608
2474,2.929,-2.63825
2475,2.512,-1.95553
2476,2.154,-2.00358
2477,1.848,-1.8393
2478,1.585,-1.40376
2479,1.359,-1.40913
2480,1.166,-0.21015
2481,1,-0.8042
2482,0.457,-0.50633
2483,0.152,-0.13307
2484,0.023,0.17254
2485,0,0.37596
2486,100,-108.75745
2487,85.77,-86.05256
2488,73.564,-77.40035
2489,63.096,-63.10968
2490,54.117,-55.89724
2491,46.416,-45.12171
2492,39.811,-39.94707
2493,34.145,-34.53148
2494,29.286,-29.66678
2495,25.119,-25.61009
2496,21.544,-21.60568
2497,18.478,-18.40176
2498,15.849,-16.24684
2499,13.594,-14.579
2500,11.659,-12.12583
2501,10,-10.33927
2502,8.577,-9.09317
2503,7.356,-7.31577
2504,6.31,-6.15865
2505,5.412,-5.06675
2506,4.642,-4.53721
2507,3.981,-3.99428
2508,3.415,-2.93619
2509,2.929,-3.05173
2510,2.512,-2.69112
2511,2.154,-2.22464
2512,1.848,-1.97797
2513,1.585,-1.56554
2514,1.359,-1.02864
2515,1.166,-0.88552
2516,1,-1.25889
2517,0.457,0.00627
2518,0.152,-0.03339
2519,0.023,0.64247
2520,0,-0.0248
2521,100,-113.44059
2522,85.77,-86.14402
2523,73.564,-71.74705
2524,63.096,-63.74198
2525,54.117,-54.54784
2526,46.416,-49.88928
2527,39.811,-41.52165
2528,34.145,-35.39132
2529,29.286,-29.87276
2530,25.119,-27.94162
2531,21.544,-22.86384
2532,18.478,-18.60837
2533,15.849,-16.33276
2534,13.594,-13.44186
2535,11.659,-12.2166
2536,10,-9.77203
2537,8.577,-8.38726
2538,7.356,-7.43572
2539,6.31,-6.7278
2540,5.412,-5.28172
2541,4.642,-5.13851
2542,3.981,-4.50408
2543,3.415,-3.28626
2544,2.929,-2.65966
2545,2.512,-2.21394
2546,2.154,-1.90697
2547,1.848,-1.23689
2548,1.585,-1.09919
2549,1.359,-1.06896
2550,1.166,-0.76034
2551,1,-1.01245
2552,0.457,0.09507
2553,0.152,0.05079
2554,0.023,0.78334
2555,0,0.66031
2556,100,-98.07633
2557,85.77,-88.36553
2558,73.564,-75.27732
2559,63.096,-62.87016
2560,54.117,-58.082
2561,46.416,-44.83026
2562,39.811,-40.9962
2563,34.145,-36.8905
2564,29.286,-29.52426
2565,25.119,-28.06921
2566,21.544,-22.14352
2567,18.478,-18.68821
2568,15.849,-16.04341
2569,13.594,-13.38606
2570,11.659,-11.95942
2571,10,-9.87792
2572,8.577,-8.65853
2573,7.356,-7.28297
2574,6.31,-6.30057
2575,5.412,-5.95703
2576,4.642,-4.90367
2577,3.981,-3.95122
2578,3.415,-3.6291
2579,2.929,-3.05622
2580,2.512,-2.34284
2581,2.154,-1.59685
2582,1.848,-1.06061
2583,1.585,-1.21267
2584,1.359,-1.32465
2585,1.166,-0.83967
2586,1,-0.97937
2587,0.457,-0.72573
2588,0.152,0.17424
2589,0.023,0.31547
2590,0,0.51809
2591,100,-101.47863
2592,85.77,-87.14633
2593,73.564,-80.89224
2594,63.096,-62.68236
2595,54.117,-55.52573
2596,46.416,-47.14483
2597,39.811,-38.56844
2598,34.145,-34.34215
2599,29.286,-28.89193
2600,25.119,-26.90575
2601,21.544,-22.40471
2602,18.478,-17.97823
2603,15.849,-16.04995
2604,13.594,-14.12116
2605,11.659,-11.97302
2606,10,-10.393
2607,8.577,-8.0558
2608,7.356,-7.07312
2609,6.31,-6.35703
2610,5.412,-5.48201
2611,4.642,-4.217
2612,3.981,-4.1751
2613,3.415,-3.04776
2614,2.929,-2.87415
2615,2.512,-3.0259
2616,2.154,-2.02324
2617,1.848,-1.7246
2618,1.585,-1.00548
2619,1.359,-1.17027
2620,1.166,-0.53874
2621,1,-1.09396
2622,0.457,0.40359
2623,0.152,0.39587
2624,0.023,0.48832
2625,0,0.46487
2626,100,-98.43559
2627,85.77,-89.71575
2628,73.564,-78.57669
2629,63.096,-67.47318
2630,54.117,-52.2941
2631,46.416,-47.51456
2632,39.811,-38.995
2633,34.145,-34.0646
2634,29.286,-30.59005
2635,25.119,-24.71511
2636,21.544,-21.4364
2637,18.478,-17.89758
2638,15.849,-17.1497
2639,13.594,-13.44926
2640,11.659,-12.50198
2641,10,-9.90856
2642,8.577,-8.0168
2643,7.356,-7.38764
2644,6.31,-5.95681
2645,5.412,-5.11458
2646,4.642,-4.85783
2647,3.981,-3.97771
2648,3.415,-3.15568
2649,2.929,-2.93212
2650,2.512,-2.52359
2651,2.154,-1.19503
2652,1.848,-1.7672
2653,1.585,-0.95744
2654,1.359,-1.31886
2655,1.166,-0.50962
2656,1,-0.79065
2657,0.457,-0.35656
2658,0.152,0.08889
2659,0.023,0.04291
2660,0,0.32075
2661,100,-98.31571
2662,85.77,-90.90828
2663,73.564,-75.48877
2664,63.096,-65.65961
2665,54.117,-56.6966
2666,46.416,-46.98447
2667,39.811,-38.96103
2668,34.145,-35.80738
2669,29.286,-29.3052
2670,25.119,-24.74412
2671,21.544,-20.80327
2672,18.478,-19.29553
2673,15.849,-17.09462
2674,13.594,-13.80031
2675,11.659,-10.50159
2676,10,-9.38576
2677,8.577,-8.21456
2678,7.356,-7.29483
2679,6.31,-6.08424
2680,5.412,-5.67193
2681,4.642,-4.53256
2682,3.981,-3.77976
2683,3.415,-2.94787
2684,2.929,-2.90274
2685,2.512,-2.19401
2686,2.154,-2.04768
2687,1.848,-1.43681
2688,1.585,-1.65507
2689,1.359,-0.95165
2690,1.166,-0.56502
2691,1,-0.58338
2692,0.457,-0.43662
2693,0.152,0.50593
2694,0.023,-0.03467
2695,0,0.47794
2696,100,-100.11489
2697,85.77,-88.17677
2698,73.564,-72.50422
2699,63.096,-65.1407
2700,54.117,-55.01434
2701,46.416,-47.89361
2702,39.811,-39.98903
2703,34.145,-35.15636
2704,29.286,-30.85623
2705,25.119,-26.55813
2706,21.544,-21.9781
2707,18.478,-20.14444
2708,15.849,-15.87464
2709,13.594,-12.88667
2710,11.659,-11.82304
2711,10,-10.6493
2712,8.577,-8.93575
2713,7.356,-6.57235
2714,6.31,-6.49496
2715,5.412,-5.50157
2716,4.642,-5.1994
2717,3.981,-3.94193
2718,3.415,-3.08949
2719,2.929,-2.80582
2720,2.512,-2.01481
2721,2.154,-2.1592
2722,1.848,-1.61961
2723,1.585,-1.43121
2724,1.359,-0.85549
2725,1.166,-0.7187
2726,1,-0.64389
2727,0.457,-0.29379
2728,0.152,0.34244
2729,0.023,0.81404
2730,0,-0.21493
2731,100,-99.0277
2732,85.77,-88.17556
2733,73.564,-73.46994
2734,63.096,-61.47532
2735,54.117,-54.29662
2736,46.416,-47.46098
2737,39.811,-41.9301
2738,34.145,-31.90872
2739,29.286,-30.67784
2740,25.119,-24.92526
2741,21.544,-21.70321
2742,18.478,-18.87028
2743,15.849,-15.63199
2744,13.594,-13.44906
2745,11.659,-12.58763
2746,10,-10.61119
2747,8.577,-8.78882
2748,7.356,-7.20357
2749,6.31,-6.35647
2750,5.412,-5.27714
2751,4.642,-4.9097
2752,3.981,-4.0806
2753,3.415,-3.34713
2754,2.929,-2.75218
2755,2.512,-1.43278
2756,2.154,-1.9657
2757,1.848,-1.42372
2758,1.585,-1.15331
2759,1.359,-1.26973
2760,1.166,-1.2516
2761,1,-1.35847
2762,0.457,-0.38143
2763,0.152,0.09765
2764,0.023,-0.04048
2765,0,-0.41752
2766,100,-96.69359
2767,85.77,-86.14383
2768,73.564,-74.86645
2769,63.096,-62.02762
2770,54.117,-55.30718
2771,46.416,-51.60928
2772,39.811,-40.48629
2773,34.145,-35.04137
2774,29.286,-30.44131
2775,25.119,-24.57649
2776,21.544,-21.62808
2777,18.478,-18.56186
2778,15.849,-15.44161
2779,13.594,-14.13244
2780,11.659,-12.0889
2781,10,-10.45593
2782,8.577,-9.17962
2783,7.356,-7.2039
2784,6.31,-5.84935
2785,5.412,-5.98705
2786,4.642,-4.68586
2787,3.981,-4.00642
2788,3.415,-3.15849
2789,2.929,-2.33267
2790,2.512,-2.677
2791,2.154,-1.82375
2792,1.848,-2.12354
2793,1.585,-1.51451
2794,1.359,-0.75885
2795,1.166,-0.47093
2796,1,-0.35588
2797,0.457,0.09413
2798,0.152,-0.15905
2799,0.023,0.24696
2800,0,0.25107
2801,100,-96.8067
2802,85.77,-86.59749
2803,73.564,-76.2539
2804,63.096,-63.59368
2805,54.117,-58.24448
2806,46.416,-46.46279
2807,39.811,-40.10458
2808,34.145,-34.28499
2809,29.286,-30.89922
2810,25.119,-25.53142
2811,21.544,-20.99106
2812,18.478,-20.19192
2813,15.849,-15.7563
2814,13.594,-13.99428
2815,11.659,-12.25673
2816,10,-9.55493
2817,8.577,-8.09553
2818,7.356,-7.3825
2819,6.31,-6.56088
2820,5.412,-5.45058
2821,4.642,-4.75444
2822,3.981,-3.96118
2823,3.415,-3.65058
2824,2.929,-2.89579
2825,2.512,-2.62077
2826,2.154,-1.84348
2827,1.848,-1.10786
2828,1.585,-1.58028
2829,1.359,-1.36064
2830,1.166,-1.26601
2831,1,-0.65299
2832,0.457,0.00791
2833,0.152,0.28335
2834,0.023,0.11756
2835,0,0.14845
2836,100,-102.49254
2837,85.77,-86.3227
2838,73.564,-73.34068
2839,63.096,-63.69217
2840,54.117,-55.19713
2841,46.416,-49.30775
2842,39.811,-41.72716
2843,34.145,-34.36869
2844,29.286,-32.1235
2845,25.119,-24.60264
2846,21.544,-22.87318
2847,18.478,-18.63138
2848,15.849,-17.39768
2849,13.594,-14.41269
2850,11.659,-12.38663
2851,10,-10.4552
2852,8.577,-7.95162
2853,7.356,-7.68474
2854,6.31,-6.30816
2855,5.412,-5.53621
2856,4.642,-4.82147
2857,3.981,-4.69927
2858,3.415,-3.48617
2859,2.929,-2.82486
2860,2.512,-2.32725
2861,2.154,-2.17978
2862,1.848,-2.0142
2863,1.585,-1.20491
2864,1.359,-1.28915
2865,1.166,-0.92346
2866,1,-0.51783
2867,0.457,-0.29995
2868,0.152,0.23065
2869,0.023,-0.39155
2870,0,0.55119
2871,100,-102.23959
2872,85.77,-86.77908
2873,73.564,-74.46372
2874,63.096,-63.83822
2875,54.117,-54.87093
2876,46.416,-45.7599
2877,39.811,-38.53417
2878,34.145,-36.45045
2879,29.286,-30.05564
2880,25.119,-25.80704
2881,21.544,-22.87746
2882,18.478,-17.91416
2883,15.849,-15.98595
2884,13.594,-15.25699
2885,11.659,-12.90303
2886,10,-9.59915
2887,8.577,-9.87451
2888,7.356,-7.82639
2889,6.31,-6.46569
2890,5.412,-5.65023
2891,4.642,-3.45875
2892,3.981,-3.48142
2893,3.415,-2.93159
2894,2.929,-2.45831
2895,2.512,-2.63627
2896,2.154,-1.70786
2897,1.848,-1.49578
2898,1.585,-2.1365
2899,1.359,-0.94839
2900,1.166,-1.21319
2901,1,-0.39414
2902,0.457,-0.07951
2903,0.152,0.3457
2904,0.023,0.40461
2905,0,0.55165
2906,100,-97.38219
2907,85.77,-80.73486
2908,73.564,-73.08162
2909,63.096,-62.53948
2910,54.117,-56.73673
2911,46.416,-47.8943
2912,39.811,-38.67591
2913,34.145,-34.61802
2914,29.286,-29.26233
2915,25.119,-25.59302
2916,21.544,-22.5675
2917,18.478,-19.90326
2918,15.849,-15.22025
2919,13.594,-13.14052
2920,11.659,-12.09139
2921,10,-9.61533
2922,8.577,-9.18771
2923,7.356,-7.41369
2924,6.31,-6.44832
2925,5.412,-5.23177
2926,4.642,-5.01767
2927,3.981,-3.80922
2928,3.415,-3.54579
2929,2.929,-2.70169
2930,2.512,-2.83585
2931,2.154,-2.01385
2932,1.848,-2.20759
2933,1.585,-1.55047
2934,1.359,-1.92896
2935,1.166,-0.76889
2936,1,-0.64886
2937,0.457,-0.03673
2938,0.152,-0.09928
2939,0.023,0.56674
2940,0,0.63654
2941,100,-99.62975
2942,85.77,-89.52176
2943,73.564,-74.46626
2944,63.096,-65.44921
2945,54.117,-54.43976
2946,46.416,-45.41314
2947,39.811,-40.02671
2948,34.145,-36.20479
2949,29.286,-30.70042
2950,25.119,-24.9836
2951,21.544,-22.83165
2952,18.478,-18.02935
2953,15.849,-15.31453
2954,13.594,-13.95072
2955,11.659,-12.37221
2956,10,-10.02962
2957,8.577,-9.49017
2958,7.356,-7.8676
2959,6.31,-6.20814
2960,5.412,-5.96622
2961,4.642,-3.96417
2962,3.981,-3.99485
2963,3.415,-2.81069
2964,2.929,-3.43237
2965,2.512,-2.0556
2966,2.154,-1.88393
2967,1.848,-1.75572
2968,1.585,-1.08837
2969,1.359,-1.28278
2970,1.166,-1.47452
2971,1,-0.78142
2972,0.457,0.04913
2973,0.152,0.13798
2974,0.023,0.49098
2975,0,-0.09931
2976,100,-97.26464
2977,85.77,-89.32526
2978,73.564,-74.19788
2979,63.096,-63.98567
2980,54.117,-56.31349
2981,46.416,-46.61619
2982,39.811,-43.66702
2983,34.145,-34.95508
2984,29.286,-30.33655
2985,25.119,-25.47376
2986,21.544,-21.19696
2987,18.478,-19.44069
2988,15.849,-17.70378
2989,13.594,-12.85102
2990,11.659,-11.21639
2991,10,-9.99379
2992,8.577,-8.89201
2993,7.356,-7.27309
2994,6.31,-6.66662
2995,5.412,-5.12813
2996,4.642,-4.80924
2997,3.981,-4.62194
2998,3.415,-3.23748
2999,2.929,-2.75454
3000,2.512,-2.79509
3001,2.154,-2.06327
3002,1.848,-2.02434
3003,1.585,-1.51198
3004,1.359,-0.99009
3005,1.166,-0.72396
3006,1,-0.64743
3007,0.457,-0.42637
3008,0.152,0.19348
3009,0.023,0.53134
3010,0,0.14029
3011,100,-107.19093
3012,85.77,-89.52008
3013,73.564,-76.96624
3014,63.096,-62.49483
3015,54.117,-57.28371
3016,46.416,-44.78447
3017,39.811,-39.57788
3018,34.145,-35.83832
3019,29.286,-29.27983
3020,25.119,-26.33495
3021,21.544,-22.54055
3022,18.478,-18.3102
3023,15.849,-16.04421
3024,13.594,-13.37178
3025,11.659,-12.92505
3026,10,-10.72523
3027,8.577,-8.86725
3028,7.356,-7.31556
3029,6.31,-5.94769
3030,5.412,-5.802
3031,4.642,-4.56096
3032,3.981,-3.48774
3033,3.415,-3.40286
3034,2.929,-3.33541
3035,2.512,-1.93996
3036,2.154,-1.97156
3037,1.848,-1.0857
3038,1.585,-1.18153
3039,1.359,-0.71935
3040,1.166,-0.9948
3041,1,-0.87098
3042,0.457,0.17706
3043,0.152,0.38718
3044,0.023,0.32461
3045,0,-0.21421
3046,100,-96.80746
3047,85.77,-87.70703
3048,73.564,-73.53805
3049,63.096,-63.30276
3050,54.117,-53.77299
3051,46.416,-48.2285
3052,39.811,-40.17662
3053,34.145,-35.33274
3054,29.286,-30.89764
3055,25.119,-23.99992
3056,21.544,-22.2129
3057,18.478,-18.98497
3058,15.849,-16.59577
3059,13.594,-13.96004
3060,11.659,-11.66314
3061,10,-10.45164
3062,8.577,-8.64895
3063,7.356,-6.82601
3064,6.31,-6.03325
3065,5.412,-5.26497
3066,4.642,-4.73695
3067,3.981,-3.79511
3068,3.415,-3.72374
3069,2.929,-2.76382
3070,2.512,-2.25454
3071,2.154,-1.91485
3072,1.848,-1.98256
3073,1.585,-1.62153
3074,1.359,-0.94098
3075,1.166,-1.19694
3076,1,-0.9749
3077,0.457,-0.26375
3078,0.152,0.04937
3079,0.023,0.16595
3080,0,0.6088
3081,100,-104.7244
3082,85.77,-81.53484
3083,73.564,-75.21081
3084,63.096,-66.44528
3085,54.117,-55.0892
3086,46.416,-47.24597
3087,39.811,-42.18428
3088,34.145,-35.30377
3089,29.286,-29.99842
3090,25.119,-25.6804
3091,21.544,-22.47132
3092,18.478,-18.31505
3093,15.849,-15.70274
3094,13.594,-13.11904
3095,11.659,-11.49971
3096,10,-10.70539
3097,8.577,-8.97016
3098,7.356,-6.95149
3099,6.31,-6.42297
3100,5.412,-5.43586
3101,4.642,-4.50073
3102,3.981,-3.59956
3103,3.415,-3.75083
3104,2.929,-2.5907
3105,2.512,-2.61211
3106,2.154,-2.3315
3107,1.848,-2.08698
3108,1.585,-1.70915
3109,1.359,-0.94445
3110,1.166,-0.93708
3111,1,-0.4403
3112,0.457,-0.3324
3113,0.152,0.24763
3114,0.023,0.0962
3115,0,0.91285
3116,100,-103.92572
3117,85.77,-90.70578
3118,73.564,-74.33409
3119,63.096,-63.64136
3120,54.117,-55.60202
3121,46.416,-49.0162
3122,39.811,-40.71943
3123,34.145,-35.59504
3124,29.286,-30.22939
3125,25.119,-24.19693
3126,21.544,-22.42321
3127,18.478,-18.89646
3128,15.849,-15.7531
3129,13.594,-13.70094
3130,11.659,-11.57628
3131,10,-10.1314
3132,8.577,-8.07844
3133,7.356,-7.41242
3134,6.31,-6.34756
3135,5.412,-5.20504
3136,4.642,-5.0258
3137,3.981,-4.0707
3138,3.415,-3.23745
3139,2.929,-3.1753
3140,2.512,-2.63119
3141,2.154,-2.22324
3142,1.848,-1.7367
3143,1.585,-1.31736
3144,1.359,-1.19717
3145,1.166,-0.8879
3146,1,-0.28179
3147,0.457,-0.54672
3148,0.152,-0.31995
3149,0.023,0.52867
3150,0,0.36602
3151,100,-104.19048
3152,85.77,-84.90004
3153,73.564,-71.68936
3154,63.096,-62.35367
3155,54.117,-51.80898
3156,46.416,-49.01199
3157,39.811,-40.29231
3158,34.145,-35.30171
3159,29.286,-29.32287
3160,25.119,-26.64108
3161,21.544,-20.98842
3162,18.478,-19.02271
3163,15.849,-15.94057
3164,13.594,-14.60234
3165,11.659,-11.56354
3166,10,-9.65048
3167,8.577,-8.54026
3168,7.356,-7.36907
3169,6.31,-6.07322
3170,5.412,-5.97752
3171,4.642,-4.17034
3172,3.981,-3.56733
3173,3.415,-3.55703
3174,2.929,-2.71903
3175,2.512,-2.8844
3176,2.154,-1.7008
3177,1.848,-1.49415
3178,1.585,-0.93987
3179,1.359,-0.99748
3180,1.166,-0.71188
3181,1,-0.93072
3182,0.457,-0.47847
3183,0.152,-0.03672
3184,0.023,0.70267
3185,0,0.28074
3186,100,-101.48174
3187,85.77,-82.26862
3188,73.564,-79.25849
3189,63.096,-60.9816
3190,54.117,-54.05226
3191,46.416,-45.01998
3192,39.811,-38.91981
3193,34.145,-34.61697
3194,29.286,-31.32679
3195,25.119,-25.63493
3196,21.544,-21.83646
3197,18.478,-19.13031
3198,15.849,-15.99475
3199,13.594,-12.75444
3200,11.659,-12.92638
3201,10,-10.89075
3202,8.577,-8.9599
3203,7.356,-7.06054
3204,6.31,-6.17241
3205,5.412,-5.29605
3206,4.642,-5.20762
3207,3.981,-3.72642
3208,3.415,-3.45152
3209,2.929,-3.36341
3210,2.512,-2.7351
3211,2.154,-1.55326
3212,1.848,-1.6886
3213,1.585,-1.88526
3214,1.359,-0.56742
3215,1.166,-0.92229
3216,1,-0.56294
3217,0.457,-0.1502
3218,0.152,0.52753
3219,0.023,0.28885
3220,0,0.26106
3221,100,-99.38761
3222,85.77,-90.30824
3223,73.564,-73.86562
3224,63.096,-64.58307
3225,54.117,-53.46345
3226,46.416,-47.14467
3227,39.811,-43.00125
3228,34.145,-33.82095
3229,29.286,-29.9961
3230,25.119,-24.02538
3231,21.544,-22.73693
3232,18.478,-19.28046
3233,15.849,-16.24055
3234,13.594,-14.14923
3235,11.659,-11.59525
3236,10,-9.68261
3237,8.577,-8.69454
3238,7.356,-7.72593
3239,6.31,-6.59387
3240,5.412,-5.45499
3241,4.642,-4.12646
3242,3.981,-3.80243
3243,3.415,-2.79096
3244,2.929,-2.69821
3245,2.512,-2.35064
3246,2.154,-1.80533
3247,1.848,-1.66726
3248,1.585,-1.76146
3249,1.359,-1.12005
3250,1.166,-0.94746
3251,1,-1.0365
3252,0.457,0.10674
3253,0.152,0.38034
3254,0.023,0.65604
3255,0,0.11481
3256,100,-102.75461
3257,85.77,-81.69555
3258,73.564,-72.00113
3259,63.096,-63.54329
3260,54.117,-54.4055
3261,46.416,-49.82892
3262,39.811,-40.63999
3263,34.145,-36.70173
3264,29.286,-29.79378
3265,25.119,-26.36837
3266,21.544,-23.66068
3267,18.478,-18.55627
3268,15.849,-15.68105
3269,13.594,-13.93431
3270,11.659,-11.92127
3271,10,-9.99103
3272,8.577,-8.3154
3273,7.356,-7.82232
3274,6.31,-6.62432
3275,5.412,-5.62696
3276,4.642,-5.06291
3277,3.981,-4.01243
3278,3.415,-3.95043
3279,2.929,-2.83983
3280,2.512,-1.94489
3281,2.154,-1.85633
3282,1.848,-2.03489
3283,1.585,-1.46317
3284,1.359,-1.5057
3285,1.166,-0.92087
3286,1,-0.48373
3287,0.457,0.10624
3288,0.152,-0.15022
3289,0.023,-0.32231
3290,0,0.35102
3291,100,-99.75263
3292,85.77,-86.96319
3293,73.564,-71.31271
3294,63.096,-65.29628
3295,54.117,-54.94113
3296,46.416,-47.29984
3297,39.811,-41.23431
3298,34.145,-34.28462
3299,29.286,-29.99647
3300,25.119,-24.95594
3301,21.544,-22.64458
3302,18.478,-19.17448
3303,15.849,-16.02623
3304,13.594,-13.97374
3305,11.659,-13.12684
3306,10,-10.06196
3307,8.577,-8.89304
3308,7.356,-7.12791
3309,6.31,-6.80819
3310,5.412,-5.25844
3311,4.642,-4.74433
3312,3.981,-3.74707
3313,3.415,-3.44139
3314,2.929,-2.58019
3315,2.512,-2.26699
3316,2.154,-1.85809
3317,1.848,-1.68954
3318,1.585,-1.41842
3319,1.359,-0.95803
3320,1.166,-1.18812
3321,1,-0.65314
3322,0.457,-0.30632
3323,0.152,0.3728
3324,0.023,0.23782
3325,0,0.45188
3326,100,-101.48004
3327,85.77,-89.22744
3328,73.564,-71.56501
3329,63.096,-65.09206
3330,54.117,-53.09068
3331,46.416,-49.07446
3332,39.811,-41.47923
3333,34.145,-34.92642
3334,29.286,-30.01723
3335,25.119,-23.00968
3336,21.544,-23.0899
3337,18.478,-18.53756
3338,15.849,-17.21623
3339,13.594,-14.66081
3340,11.659,-12.72327
3341,10,-9.87877
3342,8.577,-9.65928
3343,7.356,-7.35396
3344,6.31,-5.9737
3345,5.412,-5.72322
3346,4.642,-3.98726
3347,3.981,-3.59822
3348,3.415,-3.58562
3349,2.929,-2.91303
3350,2.512,-2.05202
3351,2.154,-1.60363
3352,1.848,-1.44941
3353,1.585,-1.13014
3354,1.359,-1.03312
3355,1.166,-0.94785
3356,1,-0.93291
3357,0.457,-0.33379
3358,0.152,0.6196
3359,0.023,0.03615
3360,0,0.39937
3361,100,-99.99439
3362,85.77,-87.51634
3363,73.564,-77.18195
3364,63.096,-65.29828
3365,54.117,-53.87796
3366,46.416,-46.26132
3367,39.811,-39.17806
3368,34.145,-36.05194
3369,29.286,-31.27831
3370,25.119,-24.98063
3371,21.544,-22.59629
3372,18.478,-19.30536
3373,15.849,-16.7345
3374,13.594,-14.0017
3375,11.659,-12.97456
3376,10,-9.94879
3377,8.577,-8.4827
3378,7.356,-8.1299
3379,6.31,-5.85933
3380,5.412,-5.42831
3381,4.642,-4.2961
3382,3.981,-4.20733
3383,3.415,-2.9893
3384,2.929,-2.40668
3385,2.512,-2.59026
3386,2.154,-2.06539
3387,1.848,-1.54373
3388,1.585,-1.28103
3389,1.359,-1.22464
3390,1.166,-0.4218
3391,1,-0.33849
3392,0.457,-0.00775
3393,0.152,0.45161
3394,0.023,0.18184
3395,0,0.60317
3396,100,-95.34066
3397,85.77,-84.54985
3398,73.564,-73.7369
3399,63.096,-60.75646
3400,54.117,-52.78981
3401,46.416,-47.8968
3402,39.811,-41.68507
3403,34.145,-34.36727
3404,29.286,-30.39452
3405,25.119,-25.83774
3406,21.544,-21.77032
3407,18.478,-17.85295
3408,15.849,-16.54393
3409,13.594,-14.2779
3410,11.659,-12.12915
3411,10,-10.56573
3412,8.577,-8.74473
3413,7.356,-7.28917
3414,6.31,-6.16255
3415,5.412,-5.16118
3416,4.642,-4.40911
3417,3.981,-3.80214
3418,3.415,-3.59721
3419,2.929,-2.69025
3420,2.512,-2.61563
3421,2.154,-1.83306
3422,1.848,-1.57207
3423,1.585,-0.79086
3424,1.359,-0.96058
3425,1.166,-0.80282
3426,1,-0.97178
3427,0.457,-0.35688
3428,0.152,0.44903
3429,0.023,0.18502
3430,0,0.30608
3431,100,-105.94723
3432,85.77,-87.61397
3433,73.564,-78.72857
3434,63.096,-63.49622
3435,54.117,-53.77602
3436,46.416,-48.78951
3437,39.811,-39.94554
3438,34.145,-33.52924
3439,29.286,-30.54302
3440,25.119,-25.3132
3441,21.544,-22.48278
3442,18.478,-18.86343
3443,15.849,-17.1209
3444,13.594,-12.76466
3445,11.659,-11.96011
3446,10,-10.51891
3447,8.577,-8.19577
3448,7.356,-6.71361
3449,6.31,-6.60584
3450,5.412,-5.42489
3451,4.642,-4.62151
3452,3.981,-3.24867
3453,3.415,-3.1942
3454,2.929,-2.95261
3455,2.512,-2.20829
3456,2.154,-2.26174
3457,1.848,-2.26864
3458,1.585,-1.27637
3459,1.359,-1.39649
3460,1.166,-1.07022
3461,1,-0.96604
3462,0.457,-0.08418
3463,0.152,0.1572
3464,0.023,0.42478
3465,0,0.19172
3466,100,-99.63003
3467,85.77,-89.51796
3468,73.564,-76.96668
3469,63.096,-67.3697
3470,54.117,-54.79895
3471,46.416,-44.36005
3472,39.811,-39.24583
3473,34.145,-33.7952
3474,29.286,-28.62495
3475,25.119,-26.78447
3476,21.544,-22.72216
3477,18.478,-19.62154
3478,15.849,-15.4201
3479,13.594,-13.83689
3480,11.659,-10.33974
3481,10,-10.13077
3482,8.577,-8.42628
3483,7.356,-7.28069
3484,6.31,-6.33893
3485,5.412,-5.20038
3486,4.642,-4.4603
3487,3.981,-4.25937
3488,3.415,-2.62989
3489,2.929,-2.49678
3490,2.512,-2.83893
3491,2.154,-1.75777
3492,1.848,-1.62129
3493,1.585,-1.3608
3494,1.359,-1.1933
3495,1.166,-0.88941
3496,1,-0.74871
3497,0.457,-0.80981
3498,0.152,-0.04043
3499,0.023,-0.29573
3500,0,-0.0801
