tid,gamma,trueage,freqonly
1,-50,46.27951,47.64735
2,-23.208,21.95109,16.76651
3,-10.772,10.19123,8.65376
4,-5,3.79142,2.19348
5,-2.321,2.39262,2.52541
6,-1.077,0.75984,0.73732
7,-0.5,0.835,0.88983
8,-0.232,0.37747,0.54378
9,-0.108,0.17339,0.2526
10,-0.05,0.1648,0.26149
11,-50,48.72653,36.12236
12,-23.208,23.33229,32.49657
13,-10.772,10.09786,7.95093
14,-5,4.5325,7.6857
15,-2.321,2.49747,2.85922
16,-1.077,1.31732,1.7677
17,-0.5,0.56249,0.53589
18,-0.232,0.23236,0.35253
19,-0.108,0.17033,0.29949
20,-0.05,0.31567,0.41947
21,-50,52.85195,50.71908
22,-23.208,24.11453,33.56872
23,-10.772,10.28155,11.77882
24,-5,4.53713,4.45416
25,-2.321,2.24671,2.96937
26,-1.077,1.40129,1.11097
27,-0.5,0.61365,0.70321
28,-0.232,0.75946,0.74562
29,-0.108,-0.27275,-0.15768
30,-0.05,0.2321,0.32308
31,-50,50.52099,38.20583
32,-23.208,23.60058,29.87826
33,-10.772,10.11901,10.3663
34,-5,4.34453,8.23994
35,-2.321,2.31545,3.83575
36,-1.077,1.33598,1.50628
37,-0.5,0.79611,0.83015
38,-0.232,0.33433,0.45886
39,-0.108,0.08118,0.20226
40,-0.05,0.0972,0.16477
41,-50,47.84803,53.39336
42,-23.208,23.65502,26.80476
43,-10.772,10.7034,6.74734
44,-5,4.41278,4.16446
45,-2.321,2.448,1.91349
46,-1.077,1.31,1.45067
47,-0.5,0.67949,0.78693
48,-0.232,0.43467,0.49915
49,-0.108,-0.31561,-0.15964
50,-0.05,0.09105,0.1969
51,-50,51.45787,34.8255
52,-23.208,23.26017,31.31335
53,-10.772,11.35488,6.03546
54,-5,5.34156,4.22832
55,-2.321,2.69152,2.55891
56,-1.077,1.41712,1.33187
57,-0.5,-0.00365,0.10107
58,-0.232,0.20574,0.31468
59,-0.108,0.09086,0.1479
60,-0.05,-0.20612,-0.07446
61,-50,49.62476,52.63769
62,-23.208,23.49085,21.30569
63,-10.772,10.50144,11.9768
64,-5,5.09949,5.60759
65,-2.321,2.76969,2.52543
66,-1.077,0.57967,0.75596
67,-0.5,0.60887,0.86515
68,-0.232,0.23476,0.33852
69,-0.108,0.53424,0.55699
70,-0.05,-0.02425,0.07719
71,-50,51.98884,33.45829
72,-23.208,23.60297,20.51909
73,-10.772,10.81505,12.57408
74,-5,5.36123,3.61622
75,-2.321,2.30216,2.73182
76,-1.077,0.91635,1.0366
77,-0.5,0.56253,0.59505
78,-0.232,0.24127,0.36502
79,-0.108,0.25283,0.28169
80,-0.05,-0.19039,-0.04981
81,-50,52.50491,64.30025
82,-23.208,23.08502,31.7915
83,-10.772,11.31374,12.43909
84,-5,5.2549,7.29667
85,-2.321,2.18483,1.72766
86,-1.077,1.0078,1.49081
87,-0.5,0.44374,0.55495
88,-0.232,0.29612,0.43099
89,-0.108,-0.17476,-0.07491
90,-0.05,0.21808,0.31593
91,-50,51.13929,46.42233
92,-23.208,23.40787,25.50257
93,-10.772,10.79107,9.73321
94,-5,4.58909,4.45213
95,-2.321,2.103,2.17806
96,-1.077,1.12838,1.24253
97,-0.5,0.88264,0.86605
98,-0.232,0.71875,0.85378
99,-0.108,0.06764,0.15614
100,-0.05,-0.01153,0.10084
101,-50,49.82641,17.84843
102,-23.208,22.8888,31.62303
103,-10.772,10.72959,8.62067
104,-5,5.30315,3.4094
105,-2.321,2.02814,1.69298
106,-1.077,1.37662,1.66117
107,-0.5,0.47137,0.61616
108,-0.232,-0.12554,0.00299
109,-0.108,0.08127,0.13735
110,-0.05,-0.16404,-0.08816
111,-50,50.42723,92.56542
112,-23.208,22.88191,29.24034
113,-10.772,10.73381,8.47065
114,-5,5.61083,4.73974
115,-2.321,2.24278,2.75571
116,-1.077,0.90681,1.06639
117,-0.5,0.3001,0.40734
118,-0.232,0.26679,0.36566
119,-0.108,0.20838,0.31505
120,-0.05,0.20139,0.28003
121,-50,49.86656,33.78256
122,-23.208,22.44912,14.33792
123,-10.772,10.78882,8.3982
124,-5,5.38517,2.64717
125,-2.321,1.96745,2.71195
126,-1.077,0.907,1.09226
127,-0.5,0.20626,0.32965
128,-0.232,0.07218,0.20108
129,-0.108,-0.10781,-0.02242
130,-0.05,0.30183,0.37488
131,-50,48.56969,78.36371
132,-23.208,23.49572,26.73411
133,-10.772,10.42012,8.89764
134,-5,4.92651,4.70363
135,-2.321,1.94307,1.98273
136,-1.077,1.32208,1.56919
137,-0.5,0.12617,0.23617
138,-0.232,0.27273,0.39273
139,-0.108,0.07064,0.17189
140,-0.05,0.05598,0.16591
141,-50,49.65334,38.35759
142,-23.208,23.44879,33.17831
143,-10.772,11.35412,11.47268
144,-5,4.4259,1.99645
145,-2.321,2.78185,3.34947
146,-1.077,0.99613,1.15775
147,-0.5,0.38164,0.55046
148,-0.232,0.15436,0.29708
149,-0.108,0.21345,0.33711
150,-0.05,0.17526,0.27647
151,-50,51.06419,134.2252
152,-23.208,23.08267,20.67918
153,-10.772,11.08936,15.41129
154,-5,5.161,7.58528
155,-2.321,2.43964,2.56179
156,-1.077,1.14045,1.05549
157,-0.5,0.40129,0.55048
158,-0.232,0.42346,0.47798
159,-0.108,0.27851,0.33864
160,-0.05,0.09963,0.23901
161,-50,51.17693,30.0974
162,-23.208,23.16642,25.15779
163,-10.772,10.76233,8.77157
164,-5,4.76026,7.20675
165,-2.321,2.22054,1.78397
166,-1.077,0.88423,0.97215
167,-0.5,0.68081,0.74257
168,-0.232,0.14486,0.21901
169,-0.108,-0.15897,-0.06608
170,-0.05,0.28165,0.33461
171,-50,51.84632,64.71909
172,-23.208,22.96883,40.97218
173,-10.772,10.62772,7.38813
174,-5,4.69595,4.60988
175,-2.321,2.1664,1.95866
176,-1.077,1.34556,1.39956
177,-0.5,1.21487,1.67721
178,-0.232,0.21085,0.34586
179,-0.108,0.17823,0.24219
180,-0.05,-0.29642,-0.19187
181,-50,49.50948,112.25322
182,-23.208,23.47577,19.86249
183,-10.772,10.71779,13.63889
184,-5,5.58682,3.62958
185,-2.321,2.07054,1.92942
186,-1.077,1.14743,1.29953
187,-0.5,0.22027,0.28266
188,-0.232,0.08102,0.1783
189,-0.108,-0.13794,-0.03336
190,-0.05,-0.17801,-0.00983
191,-50,51.06334,61.07903
192,-23.208,22.93981,17.67444
193,-10.772,10.83452,9.80563
194,-5,5.00629,5.10297
195,-2.321,2.55142,2.02783
196,-1.077,1.00001,1.07279
197,-0.5,0.74298,0.76727
198,-0.232,0.11669,0.18318
199,-0.108,0.15545,0.24268
200,-0.05,0.07651,0.17703
201,-50,48.36652,19.85339
202,-23.208,22.30733,16.40304
203,-10.772,10.70103,9.11004
204,-5,4.78317,6.51553
205,-2.321,2.36928,2.80818
206,-1.077,1.56732,1.48267
207,-0.5,0.61409,0.8542
208,-0.232,-0.04794,0.07734
209,-0.108,0.15922,0.27144
210,-0.05,-0.38559,-0.2683
211,-50,50.13982,75.02681
212,-23.208,22.97968,24.17828
213,-10.772,10.20569,7.8548
214,-5,5.59785,5.08185
215,-2.321,2.07676,2.09254
216,-1.077,1.00006,1.21434
217,-0.5,0.69227,0.84328
218,-0.232,0.09983,0.21548
219,-0.108,0.27334,0.39219
220,-0.05,-0.13544,-0.03684
221,-50,49.08295,42.05328
222,-23.208,23.83354,28.84411
223,-10.772,10.24067,7.64631
224,-5,5.10346,4.48852
225,-2.321,2.20151,1.93435
226,-1.077,0.95741,0.99681
227,-0.5,0.87864,0.90256
228,-0.232,0.25249,0.37744
229,-0.108,0.26102,0.30909
230,-0.05,-0.25006,-0.17787
231,-50,51.61822,41.87343
232,-23.208,22.98444,15.74315
233,-10.772,10.68711,8.83615
234,-5,4.84569,5.06339
235,-2.321,2.49747,2.86831
236,-1.077,0.75848,0.51649
237,-0.5,0.68108,0.65211
238,-0.232,0.45616,0.53073
239,-0.108,-0.23193,-0.14154
240,-0.05,-0.24728,-0.15402
241,-50,47.4013,58.2109
242,-23.208,23.45402,37.19915
243,-10.772,11.01906,11.50255
244,-5,5.0313,4.31673
245,-2.321,2.29189,2.24525
246,-1.077,1.03587,1.01106
247,-0.5,0.4491,0.48428
248,-0.232,0.05604,0.097
249,-0.108,-0.24697,-0.12388
250,-0.05,0.23808,0.23321
251,-50,53.24761,38.68534
252,-23.208,22.12152,43.95958
253,-10.772,10.89346,11.25713
254,-5,5.03781,3.54368
255,-2.321,2.19212,2.38981
256,-1.077,1.39004,1.49801
257,-0.5,0.38128,0.55708
258,-0.232,0.56838,0.55142
259,-0.108,0.3806,0.45951
260,-0.05,0.08677,0.16822
261,-50,51.10132,384.96887
262,-23.208,23.34368,30.80509
263,-10.772,9.98427,8.52691
264,-5,5.05621,4.5804
265,-2.321,2.34008,2.3639
266,-1.077,1.04949,1.00784
267,-0.5,0.56688,0.71184
268,-0.232,0.92516,0.94337
269,-0.108,0.28482,0.39351
270,-0.05,0.15613,0.24346
271,-50,48.21755,14.02848
272,-23.208,23.28059,28.69756
273,-10.772,10.1858,8.22291
274,-5,5.32166,7.82702
275,-2.321,2.3188,2.72495
276,-1.077,1.2619,1.32088
277,-0.5,0.3165,0.3845
278,-0.232,0.12211,0.26229
279,-0.108,0.64566,0.66522
280,-0.05,-0.14724,-0.02733
281,-50,51.53994,202.64968
282,-23.208,22.33412,16.03428
283,-10.772,10.51378,8.23864
284,-5,5.45314,6.50377
285,-2.321,2.23675,2.55938
286,-1.077,0.79975,1.00737
287,-0.5,0.17296,0.24071
288,-0.232,0.45459,0.62888
289,-0.108,0.2203,0.29339
290,-0.05,-0.06558,0.04087
291,-50,51.00721,128.95303
292,-23.208,23.31176,34.83296
293,-10.772,10.34582,14.46898
294,-5,5.74369,7.80042
295,-2.321,2.06991,1.65297
296,-1.077,1.10537,1.33584
297,-0.5,0.26173,0.38257
298,-0.232,0.3574,0.48039
299,-0.108,-0.04795,0.03692
300,-0.05,-0.35375,-0.24335
301,-50,53.13526,40.58288
302,-23.208,23.0006,23.53627
303,-10.772,10.79954,13.39114
304,-5,4.52751,5.4042
305,-2.321,2.3774,2.5912
306,-1.077,1.05634,1.08271
307,-0.5,0.22885,0.28793
308,-0.232,0.82911,0.92075
309,-0.108,-0.05249,0.06813
310,-0.05,0.16774,0.30479
311,-50,51.82588,35.38128
312,-23.208,23.37985,25.54675
313,-10.772,11.39576,10.10817
314,-5,4.35851,3.19734
315,-2.321,2.7162,2.94494
316,-1.077,0.86536,0.80013
317,-0.5,0.37699,0.40422
318,-0.232,0.3223,0.40831
319,-0.108,-0.06557,0.03138
320,-0.05,-0.08787,-0.00786
321,-50,51.79092,17.15709
322,-23.208,22.98361,33.05273
323,-10.772,10.49005,11.39866
324,-5,4.49834,6.96718
325,-2.321,2.33482,2.79385
326,-1.077,1.04393,1.13834
327,-0.5,0.92267,0.85089
328,-0.232,0.06352,0.14979
329,-0.108,0.03337,0.13655
330,-0.05,0.19459,0.33446
331,-50,49.30959,81.57811
332,-23.208,23.69886,22.32354
333,-10.772,11.13827,9.38641
334,-5,4.44286,5.32036
335,-2.321,2.15606,1.5749
336,-1.077,0.81411,0.78069
337,-0.5,1.14734,0.95752
338,-0.232,0.30658,0.32939
339,-0.108,0.04454,0.15943
340,-0.05,0.21728,0.30333
341,-50,50.59529,30.47018
342,-23.208,23.14405,19.97747
343,-10.772,10.84262,9.69452
344,-5,5.01642,4.68354
345,-2.321,2.22862,2.80523
346,-1.077,1.02131,0.96819
347,-0.5,0.88392,1.05887
348,-0.232,-0.01979,0.09814
349,-0.108,0.40855,0.4987
350,-0.05,-0.11936,-0.01249
351,-50,49.61953,24.41598
352,-23.208,23.54576,19.59041
353,-10.772,11.14092,13.83622
354,-5,5.92552,4.28931
355,-2.321,2.43385,2.88061
356,-1.077,0.71948,0.85938
357,-0.5,0.52858,0.73309
358,-0.232,0.01542,0.09855
359,-0.108,0.15554,0.26482
360,-0.05,0.27265,0.36789
361,-50,51.70707,30.88612
362,-23.208,23.00231,24.73679
363,-10.772,10.07774,4.73813
364,-5,5.18583,3.46376
365,-2.321,2.24611,3.9406
366,-1.077,1.21424,1.35974
367,-0.5,0.69238,0.78446
368,-0.232,0.55173,0.60797
369,-0.108,0.25076,0.35803
370,-0.05,0.36718,0.45138
371,-50,50.75474,99.39596
372,-23.208,22.91711,28.7351
373,-10.772,11.16208,9.33266
374,-5,5.23475,4.89157
375,-2.321,2.35292,2.35229
376,-1.077,1.21555,1.47897
377,-0.5,0.7651,0.89537
378,-0.232,0.4944,0.57004
379,-0.108,0.00029,0.09335
380,-0.05,-0.00716,0.10929
381,-50,49.66165,33.30158
382,-23.208,22.95893,18.41323
383,-10.772,11.53561,7.6418
384,-5,5.10254,6.88715
385,-2.321,2.18471,2.16514
386,-1.077,1.15534,1.15685
387,-0.5,0.49993,0.61744
388,-0.232,0.23176,0.36096
389,-0.108,0.24092,0.3207
390,-0.05,-0.0613,0.05224
391,-50,51.91618,45.32957
392,-23.208,23.08037,18.48773
393,-10.772,11.01184,11.77041
394,-5,5.25171,7.53333
395,-2.321,2.45199,2.84143
396,-1.077,0.54003,0.63883
397,-0.5,0.7468,1.04229
398,-0.232,0.1097,0.23937
399,-0.108,0.32191,0.39025
400,-0.05,0.04504,0.11664
401,-50,50.0397,30.24293
402,-23.208,23.76107,23.12343
403,-10.772,12.05484,19.81219
404,-5,5.06403,4.13394
405,-2.321,2.51202,2.95376
406,-1.077,0.81469,0.88943
407,-0.5,0.39878,0.49252
408,-0.232,0.01671,0.11553
409,-0.108,-0.07563,-0.01089
410,-0.05,-0.03378,0.10092
411,-50,51.01807,61.79898
412,-23.208,23.50605,32.00732
413,-10.772,11.35292,7.7467
414,-5,4.68254,3.37894
415,-2.321,2.37755,1.91702
416,-1.077,0.78593,1.01871
417,-0.5,0.99335,0.83407
418,-0.232,0.2864,0.40064
419,-0.108,0.22652,0.25326
420,-0.05,0.10408,0.24922
421,-50,49.86284,70.18394
422,-23.208,23.20369,34.55728
423,-10.772,11.2851,12.30169
424,-5,5.19779,6.45156
425,-2.321,1.7518,1.76917
426,-1.077,1.11649,1.00456
427,-0.5,0.43015,0.52223
428,-0.232,0.45533,0.55975
429,-0.108,0.19158,0.295
430,-0.05,0.41993,0.44555
431,-50,50.48195,41.35902
432,-23.208,22.91167,17.88753
433,-10.772,11.14916,5.74246
434,-5,4.8966,5.00496
435,-2.321,2.4125,3.30929
436,-1.077,1.05019,1.1712
437,-0.5,0.38867,0.4809
438,-0.232,0.18371,0.27333
439,-0.108,0.1795,0.30676
440,-0.05,0.18991,0.20053
441,-50,48.60668,52.23778
442,-23.208,23.91557,21.4391
443,-10.772,11.54217,9.37055
444,-5,4.49296,5.13284
445,-2.321,2.40714,2.28287
446,-1.077,1.32678,1.28818
447,-0.5,1.05606,1.13401
448,-0.232,0.14118,0.2373
449,-0.108,0.2478,0.31863
450,-0.05,0.37114,0.4966
451,-50,49.08015,54.41253
452,-23.208,22.73412,13.51339
453,-10.772,11.52134,10.95304
454,-5,5.87585,6.83006
455,-2.321,1.85849,2.83171
456,-1.077,1.22712,1.43999
457,-0.5,0.92851,0.97373
458,-0.232,0.60072,0.70602
459,-0.108,0.21728,0.32484
460,-0.05,0.34725,0.37586
461,-50,51.16148,93.55465
462,-23.208,23.65802,31.88365
463,-10.772,10.96822,14.67242
464,-5,4.24408,4.33719
465,-2.321,2.22437,1.85826
466,-1.077,0.75459,0.74138
467,-0.5,0.60977,0.84284
468,-0.232,0.19763,0.295
469,-0.108,0.16566,0.25789
470,-0.05,-0.03559,0.0791
471,-50,49.73133,32.58546
472,-23.208,22.45747,35.63287
473,-10.772,11.02539,14.942
474,-5,5.08312,7.78377
475,-2.321,2.45688,2.14353
476,-1.077,0.94655,0.92139
477,-0.5,0.52854,0.46224
478,-0.232,0.12217,0.21014
479,-0.108,-0.15676,-0.07299
480,-0.05,0.14808,0.29215
481,-50,50.77546,129.34713
482,-23.208,22.69731,22.73816
483,-10.772,11.1114,16.78196
484,-5,5.16058,6.266
485,-2.321,2.44845,2.35742
486,-1.077,1.01493,1.06722
487,-0.5,0.64352,0.77896
488,-0.232,0.01692,0.06686
489,-0.108,0.39159,0.51453
490,-0.05,0.16222,0.31776
491,-50,50.58733,36.73525
492,-23.208,23.40314,28.24806
493,-10.772,10.99226,9.2902
494,-5,5.04543,3.906
495,-2.321,2.43274,2.11499
496,-1.077,1.29536,1.44052
497,-0.5,0.57989,0.74707
498,-0.232,-0.21888,-0.06373
499,-0.108,0.00854,0.1446
500,-0.05,-0.13248,-0.01694
501,-50,51.45089,58.17422
502,-23.208,23.34855,45.92142
503,-10.772,10.77301,7.52183
504,-5,4.70531,3.13095
505,-2.321,2.15791,2.26625
506,-1.077,1.00222,1.08407
507,-0.5,0.40899,0.54488
508,-0.232,0.15284,0.24617
509,-0.108,0.22824,0.29204
510,-0.05,0.03024,0.15879
511,-50,49.74249,75.05335
512,-23.208,22.57008,17.48093
513,-10.772,10.34113,12.37019
514,-5,5.41078,5.21843
515,-2.321,2.70405,3.09376
516,-1.077,0.86156,0.98676
517,-0.5,0.27869,0.33585
518,-0.232,0.1636,0.26263
519,-0.108,0.03022,0.17929
520,-0.05,-0.164,-0.05709
521,-50,50.93231,89.76324
522,-23.208,24.58039,25.98931
523,-10.772,10.76241,16.4465
524,-5,5.65942,3.84963
525,-2.321,2.28709,2.06478
526,-1.077,1.42755,1.58769
527,-0.5,0.71883,0.80014
528,-0.232,0.33723,0.39872
529,-0.108,-0.15232,0.00101
530,-0.05,0.54392,0.58423
531,-50,48.94966,298.02753
532,-23.208,22.75431,15.4995
533,-10.772,11.09933,21.72843
534,-5,4.7514,11.01082
535,-2.321,2.55592,2.76274
536,-1.077,1.02721,0.99562
537,-0.5,0.32577,0.37237
538,-0.232,0.09083,0.18393
539,-0.108,0.56319,0.63264
540,-0.05,0.05363,0.12277
541,-50,51.1777,40.28689
542,-23.208,23.2002,17.43277
543,-10.772,11.19182,12.01623
544,-5,5.0077,3.22081
545,-2.321,2.11807,2.36694
546,-1.077,1.05037,1.13966
547,-0.5,0.3014,0.37331
548,-0.232,0.34922,0.39944
549,-0.108,0.01118,0.12821
550,-0.05,0.16952,0.30227
551,-50,51.2109,56.46416
552,-23.208,23.32829,27.85655
553,-10.772,10.47673,10.92275
554,-5,5.34443,5.07147
555,-2.321,2.34896,1.68814
556,-1.077,1.00019,1.08944
557,-0.5,0.17461,0.33763
558,-0.232,0.25517,0.38847
559,-0.108,0.17441,0.26024
560,-0.05,-0.00739,0.10565
561,-50,47.21161,73.95009
562,-23.208,23.14435,31.09031
563,-10.772,10.67302,13.55816
564,-5,5.07977,6.52761
565,-2.321,2.15212,1.83077
566,-1.077,1.19676,1.32192
567,-0.5,0.66299,0.7433
568,-0.232,-0.00187,0.08563
569,-0.108,-0.02964,0.11558
570,-0.05,0.17804,0.24573
571,-50,50.98558,86.14728
572,-23.208,23.76426,29.89784
573,-10.772,11.06473,9.33507
574,-5,5.51747,9.05888
575,-2.321,2.26172,3.1707
576,-1.077,1.39187,1.41697
577,-0.5,0.30868,0.36924
578,-0.232,0.27865,0.35553
579,-0.108,-0.0157,0.02548
580,-0.05,0.20625,0.3672
581,-50,51.16632,54.14283
582,-23.208,23.04897,25.32892
583,-10.772,10.95527,10.62983
584,-5,5.14996,5.9267
585,-2.321,2.54898,2.35698
586,-1.077,0.70596,0.83673
587,-0.5,0.44256,0.6018
588,-0.232,0.23775,0.36473
589,-0.108,0.24096,0.39691
590,-0.05,0.00432,0.12748
591,-50,50.34195,76.25267
592,-23.208,23.96875,32.79344
593,-10.772,10.95521,13.2483
594,-5,5.75204,5.47798
595,-2.321,2.52392,2.36801
596,-1.077,1.36958,1.285
597,-0.5,0.29609,0.35511
598,-0.232,0.4567,0.46054
599,-0.108,0.16946,0.24258
600,-0.05,-0.15155,-0.12069
601,-50,49.43521,48.18399
602,-23.208,22.7426,30.98424
603,-10.772,10.50296,8.5176
604,-5,5.20204,7.55251
605,-2.321,2.57796,2.55801
606,-1.077,1.09439,1.0428
607,-0.5,0.30216,0.39642
608,-0.232,0.14117,0.25065
609,-0.108,0.49451,0.52545
610,-0.05,-0.13395,-0.04083
611,-50,50.65914,39.92039
612,-23.208,22.3942,34.50616
613,-10.772,11.35931,9.40178
614,-5,5.58693,7.09597
615,-2.321,1.92762,2.0148
616,-1.077,1.33946,1.06886
617,-0.5,0.74324,0.86891
618,-0.232,0.2612,0.3412
619,-0.108,0.17027,0.2651
620,-0.05,0.00939,0.13196
621,-50,49.61551,50.00134
622,-23.208,23.63674,18.81196
623,-10.772,11.0552,7.92507
624,-5,4.3887,3.07003
625,-2.321,2.20921,2.0697
626,-1.077,1.43024,1.42904
627,-0.5,0.09941,0.22067
628,-0.232,0.70743,0.82971
629,-0.108,0.06603,0.17741
630,-0.05,-0.07864,0.05141
631,-50,50.33313,28.42345
632,-23.208,23.52588,50.49755
633,-10.772,11.71753,12.71896
634,-5,4.75136,3.17214
635,-2.321,2.22305,2.59439
636,-1.077,0.84736,0.89538
637,-0.5,0.62889,0.77775
638,-0.232,0.49616,0.83583
639,-0.108,-0.04793,0.07501
640,-0.05,-0.1611,-0.03534
641,-50,52.38845,43.79288
642,-23.208,22.92163,20.11659
643,-10.772,11.19893,10.72338
644,-5,5.19289,3.39496
645,-2.321,2.67585,3.12214
646,-1.077,1.06646,0.98362
647,-0.5,0.93039,0.87909
648,-0.232,0.44877,0.60575
649,-0.108,0.30756,0.36212
650,-0.05,-0.0159,0.05256
651,-50,48.6154,39.07975
652,-23.208,22.79706,19.7827
653,-10.772,10.07768,9.16902
654,-5,4.94143,6.13835
655,-2.321,2.4845,2.81317
656,-1.077,1.0003,1.13672
657,-0.5,0.44699,0.45523
658,-0.232,0.34592,0.47293
659,-0.108,-0.13382,-0.05727
660,-0.05,-0.21059,-0.09224
661,-50,51.15783,38.3921
662,-23.208,23.55197,26.70155
663,-10.772,10.44624,12.58716
664,-5,4.70633,3.86889
665,-2.321,2.35101,3.42304
666,-1.077,1.20515,1.30905
667,-0.5,0.89495,0.8558
668,-0.232,0.49294,0.59405
669,-0.108,0.23209,0.33916
670,-0.05,0.00209,0.10236
671,-50,51.3764,68.83159
672,-23.208,24.0973,22.54496
673,-10.772,9.87845,5.94529
674,-5,5.36742,5.06973
675,-2.321,2.08779,1.6305
676,-1.077,0.93641,0.83375
677,-0.5,0.74584,0.7344
678,-0.232,-0.25012,-0.09839
679,-0.108,-0.07023,0.04704
680,-0.05,-0.09842,0.02635
681,-50,50.12427,44.77617
682,-23.208,23.00994,21.51252
683,-10.772,10.913,13.9612
684,-5,4.7881,5.08867
685,-2.321,2.32237,2.2383
686,-1.077,1.10372,1.49915
687,-0.5,0.48933,0.58043
688,-0.232,0.50535,0.53438
689,-0.108,0.08555,0.18901
690,-0.05,-0.23434,-0.17368
691,-50,49.36396,36.09143
692,-23.208,22.65386,36.41524
693,-10.772,11.52522,10.75506
694,-5,4.79408,4.05343
695,-2.321,2.05605,1.94634
696,-1.077,1.22392,1.28713
697,-0.5,0.1972,0.22415
698,-0.232,0.69676,0.73553
699,-0.108,0.48445,0.57561
700,-0.05,0.0361,0.08356
701,-50,47.05819,39.38609
702,-23.208,23.07974,29.36016
703,-10.772,10.76215,6.84483
704,-5,5.06434,2.85827
705,-2.321,1.90765,1.74491
706,-1.077,0.56884,0.65706
707,-0.5,0.78066,0.96613
708,-0.232,0.18509,0.27785
709,-0.108,0.09866,0.15804
710,-0.05,-0.24695,-0.17873
711,-50,52.57637,31.85811
712,-23.208,24.01072,46.20059
713,-10.772,10.78256,13.25836
714,-5,5.40179,4.36873
715,-2.321,1.96988,2.07373
716,-1.077,1.03363,1.20066
717,-0.5,0.59206,0.61154
718,-0.232,0.22275,0.33148
719,-0.108,0.30754,0.35412
720,-0.05,0.16956,0.27778
721,-50,50.06883,92.81707
722,-23.208,22.42602,23.4029
723,-10.772,10.94162,12.68877
724,-5,4.22453,2.43536
725,-2.321,2.70275,2.30773
726,-1.077,1.07267,1.26148
727,-0.5,0.49974,0.56094
728,-0.232,0.52833,0.63726
729,-0.108,0.03345,0.13598
730,-0.05,0.37704,0.5217
731,-50,48.893,19.77913
732,-23.208,23.03346,23.4343
733,-10.772,11.19425,17.88989
734,-5,4.35719,2.79298
735,-2.321,2.36724,2.84755
736,-1.077,1.35052,1.28229
737,-0.5,0.74709,0.72381
738,-0.232,0.62518,0.80678
739,-0.108,0.15088,0.21501
740,-0.05,0.47137,0.57621
741,-50,51.89933,35.71775
742,-23.208,23.02621,27.52363
743,-10.772,11.34609,12.91259
744,-5,4.43963,3.83539
745,-2.321,2.43441,2.87692
746,-1.077,0.86103,1.02913
747,-0.5,0.81016,0.93942
748,-0.232,0.28451,0.39
749,-0.108,0.11769,0.18864
750,-0.05,0.2442,0.31194
751,-50,49.80549,51.10278
752,-23.208,23.86279,13.53285
753,-10.772,10.45449,16.99833
754,-5,5.48775,8.63531
755,-2.321,2.51175,2.3577
756,-1.077,1.62124,1.821
757,-0.5,0.58519,0.71799
758,-0.232,0.38197,0.43742
759,-0.108,0.09852,0.26307
760,-0.05,-0.0534,0.07162
761,-50,49.68032,60.96583
762,-23.208,23.71362,24.04876
763,-10.772,10.81505,7.89288
764,-5,5.32989,8.93054
765,-2.321,2.2226,2.59518
766,-1.077,1.07426,1.24384
767,-0.5,0.36159,0.42101
768,-0.232,0.27872,0.34428
769,-0.108,0.06254,0.17943
770,-0.05,-0.36332,-0.30424
771,-50,49.84175,521.97189
772,-23.208,23.60294,31.90068
773,-10.772,11.82375,22.16171
774,-5,5.33201,7.33875
775,-2.321,2.50673,2.57758
776,-1.077,1.13394,1.51852
777,-0.5,0.09366,0.2279
778,-0.232,0.53407,0.57608
779,-0.108,0.13136,0.27189
780,-0.05,-0.27179,-0.12402
781,-50,48.89524,48.78336
782,-23.208,23.69744,37.12773
783,-10.772,10.30469,11.06726
784,-5,4.19025,3.43375
785,-2.321,2.22399,2.08619
786,-1.077,0.99353,0.9718
787,-0.5,0.54166,0.6438
788,-0.232,0.41434,0.58277
789,-0.108,0.2612,0.27823
790,-0.05,0.61368,0.64836
791,-50,52.54614,31.79319
792,-23.208,23.78988,26.85489
793,-10.772,10.70141,8.54808
794,-5,4.91911,8.19507
795,-2.321,2.43542,2.67976
796,-1.077,0.93257,1.07844
797,-0.5,0.326,0.4023
798,-0.232,0.17419,0.27835
799,-0.108,0.3219,0.39116
800,-0.05,-0.14737,-0.05497
801,-50,52.50405,44.32407
802,-23.208,22.61358,31.10419
803,-10.772,11.44976,9.18987
804,-5,5.62753,8.04912
805,-2.321,2.37812,2.70041
806,-1.077,1.4568,1.56998
807,-0.5,0.30697,0.39319
808,-0.232,0.40312,0.45629
809,-0.108,0.11673,0.16062
810,-0.05,0.11286,0.20569
811,-50,49.31025,29.55891
812,-23.208,22.90809,22.33015
813,-10.772,10.08731,8.27946
814,-5,4.35722,3.2053
815,-2.321,2.68611,3.96869
816,-1.077,1.17168,1.39331
817,-0.5,0.58588,0.783
818,-0.232,-0.10791,-0.00707
819,-0.108,-0.13289,0.0049
820,-0.05,-0.00716,0.09418
821,-50,48.18113,16.82504
822,-23.208,22.79938,45.9422
823,-10.772,10.13563,14.69837
824,-5,5.12136,4.57992
825,-2.321,2.08914,2.1374
826,-1.077,1.07846,1.30661
827,-0.5,0.5447,0.776
828,-0.232,0.68658,0.61797
829,-0.108,-0.1109,0.0247
830,-0.05,0.14696,0.25321
831,-50,50.78796,20.00352
832,-23.208,23.88126,36.54263
833,-10.772,10.82615,11.1208
834,-5,4.75229,4.69574
835,-2.321,2.13418,2.34085
836,-1.077,0.77011,0.89962
837,-0.5,0.4942,0.49674
838,-0.232,0.53837,0.50697
839,-0.108,-0.25872,-0.17444
840,-0.05,-0.10564,0.02626
841,-50,48.39003,34.08569
842,-23.208,23.32543,26.35732
843,-10.772,10.91275,7.18736
844,-5,4.41773,7.43081
845,-2.321,2.22011,2.27495
846,-1.077,1.05044,0.91271
847,-0.5,0.73975,0.91104
848,-0.232,0.34015,0.47623
849,-0.108,0.24699,0.34657
850,-0.05,0.27584,0.3728
851,-50,49.17148,55.26852
852,-23.208,22.42736,21.74025
853,-10.772,11.04933,14.8952
854,-5,4.09377,1.16027
855,-2.321,2.54657,2.61949
856,-1.077,1.18065,1.3226
857,-0.5,0.36732,0.45213
858,-0.232,0.16035,0.25582
859,-0.108,0.11666,0.21852
860,-0.05,0.14781,0.19003
861,-50,50.21561,35.13546
862,-23.208,22.76232,21.05323
863,-10.772,10.86183,9.90166
864,-5,4.97361,4.11721
865,-2.321,2.59516,3.13875
866,-1.077,1.42568,1.69599
867,-0.5,0.24942,0.29304
868,-0.232,0.78073,0.74272
869,-0.108,-0.2107,-0.15569
870,-0.05,-0.12999,-0.01432
871,-50,48.702,43.57702
872,-23.208,23.65568,11.65448
873,-10.772,11.32863,7.29978
874,-5,4.3869,7.7506
875,-2.321,2.39147,2.51772
876,-1.077,1.05641,1.16696
877,-0.5,0.34017,0.44218
878,-0.232,0.13188,0.24039
879,-0.108,0.23228,0.32932
880,-0.05,0.09046,0.17855
881,-50,51.51767,40.79363
882,-23.208,24.0059,22.30685
883,-10.772,10.32269,11.99474
884,-5,5.6108,5.29658
885,-2.321,2.56539,2.5859
886,-1.077,1.0719,1.17518
887,-0.5,0.81782,0.98344
888,-0.232,-0.13764,-0.02813
889,-0.108,0.38536,0.55668
890,-0.05,-0.15192,-0.08197
891,-50,51.327,18.39487
892,-23.208,22.08861,13.18477
893,-10.772,10.99076,8.87822
894,-5,4.03716,5.1942
895,-2.321,2.57606,2.85854
896,-1.077,0.69679,0.89727
897,-0.5,0.28381,0.34458
898,-0.232,0.4126,0.49032
899,-0.108,0.09061,0.20435
900,-0.05,-0.14695,0.00215
901,-50,49.55364,28.05103
902,-23.208,23.66789,34.84883
903,-10.772,10.62824,10.02415
904,-5,5.05037,4.04778
905,-2.321,2.25817,2.63234
906,-1.077,1.08374,0.98666
907,-0.5,0.25542,0.33241
908,-0.232,0.72638,0.86008
909,-0.108,-0.02468,0.05426
910,-0.05,-0.0651,0.03692
911,-50,48.52119,19.86376
912,-23.208,23.42694,25.70785
913,-10.772,10.78984,11.05607
914,-5,5.00668,3.65666
915,-2.321,2.22344,2.30427
916,-1.077,1.24498,0.99345
917,-0.5,0.75978,1.01561
918,-0.232,0.36018,0.43988
919,-0.108,-0.04796,0.0173
920,-0.05,0.23523,0.30488
921,-50,51.46903,36.55003
922,-23.208,24.07296,32.46683
923,-10.772,10.59264,8.12145
924,-5,6.1824,9.23303
925,-2.321,2.39176,3.40393
926,-1.077,1.2658,1.42439
927,-0.5,0.61445,0.7006
928,-0.232,-0.09615,0.0268
929,-0.108,-0.13736,-0.00517
930,-0.05,0.14459,0.17459
931,-50,53.31502,37.05522
932,-23.208,23.06702,26.10153
933,-10.772,10.60054,16.49575
934,-5,5.73572,6.98611
935,-2.321,1.90413,1.91975
936,-1.077,0.99879,1.21604
937,-0.5,-0.33172,-0.25118
938,-0.232,0.07581,0.16796
939,-0.108,0.48435,0.55908
940,-0.05,0.35156,0.3705
941,-50,50.56198,37.53972
942,-23.208,23.06572,25.39004
943,-10.772,11.193,9.48306
944,-5,4.56979,4.63705
945,-2.321,2.43968,1.92698
946,-1.077,1.27475,1.34892
947,-0.5,0.8091,0.83614
948,-0.232,0.10943,0.18506
949,-0.108,-0.09851,0.02007
950,-0.05,0.20366,0.26639
951,-50,50.15198,36.45431
952,-23.208,22.14653,27.12329
953,-10.772,11.09825,9.53235
954,-5,5.16842,3.778
955,-2.321,2.18328,2.38034
956,-1.077,0.77493,0.99404
957,-0.5,0.36163,0.51474
958,-0.232,-0.05211,0.03761
959,-0.108,0.22964,0.33059
960,-0.05,0.20366,0.33876
961,-50,49.37079,44.8418
962,-23.208,23.2807,17.21709
963,-10.772,10.90221,11.98309
964,-5,5.24356,4.48437
965,-2.321,2.06943,1.86058
966,-1.077,1.24575,1.29259
967,-0.5,0.49447,0.65785
968,-0.232,0.59505,0.50536
969,-0.108,-0.05211,0.02519
970,-0.05,0.01621,0.10611
971,-50,49.1107,21.59447
972,-23.208,23.37493,29.78096
973,-10.772,10.17221,13.19088
974,-5,4.82162,5.39375
975,-2.321,2.39775,2.40359
976,-1.077,1.34336,1.1883
977,-0.5,0.66887,0.62668
978,-0.232,-0.09613,0.00742
979,-0.108,-0.13406,-0.04973
980,-0.05,-0.08668,0.0839
981,-50,49.52292,57.51482
982,-23.208,24.24759,21.15728
983,-10.772,11.43064,6.62065
984,-5,5.67612,3.70527
985,-2.321,1.90282,1.69925
986,-1.077,1.07457,1.36063
987,-0.5,0.5344,0.73979
988,-0.232,0.36709,0.37634
989,-0.108,0.4771,0.56423
990,-0.05,0.44005,0.49748
991,-50,49.76372,63.02347
992,-23.208,23.84857,42.7096
993,-10.772,10.63886,10.59278
994,-5,5.09937,2.62073
995,-2.321,2.21043,2.34479
996,-1.077,0.41463,0.46381
997,-0.5,0.57913,0.80503
998,-0.232,0.24096,0.31164
999,-0.108,-0.51876,-0.39107
1000,-0.05,-0.14196,-0.03683
